Decimal,Ternary,Ch1_Pair,Ch1_Bigram,Ch1_Ratio,Ch1_Interval,Ch1_Amp,Ch2_Pair,Ch2_Bigram,Ch2_Ratio,Ch2_Interval,Ch2_Freq_Hz,Ch3_Pair,Ch3_Bigram,Ch3_Ratio,Ch3_Interval,Ch3_ModRate_Hz
0,000000,"(0, 0)",0,1.0,Base Void,0.7,"(0, 0)",0,1.0,Base Void,24.250,"(0, 0)",0,1.0,Base Void,1.000
1,100000,"(1, 0)",3,1.25,Major 3rd,0.775,"(0, 0)",0,1.0,Base Void,194.000,"(0, 0)",0,1.0,Base Void,1.000
2,200000,"(2, 0)",4,1.333,Perfect 4th,0.7999,"(0, 0)",0,1.0,Base Void,388.000,"(0, 0)",0,1.0,Base Void,1.000
3,010000,"(0, 0)",0,1.0,Base Void,0.7,"(1, 0)",3,1.25,Major 3rd,30.312,"(0, 0)",0,1.0,Base Void,1.000
4,110000,"(1, 0)",3,1.25,Major 3rd,0.775,"(1, 0)",3,1.25,Major 3rd,242.500,"(0, 0)",0,1.0,Base Void,1.000
5,210000,"(2, 0)",4,1.333,Perfect 4th,0.7999,"(1, 0)",3,1.25,Major 3rd,485.000,"(0, 0)",0,1.0,Base Void,1.000
6,020000,"(0, 0)",0,1.0,Base Void,0.7,"(2, 0)",4,1.333,Perfect 4th,32.325,"(0, 0)",0,1.0,Base Void,1.000
7,120000,"(1, 0)",3,1.25,Major 3rd,0.775,"(2, 0)",4,1.333,Perfect 4th,258.602,"(0, 0)",0,1.0,Base Void,1.000
8,220000,"(2, 0)",4,1.333,Perfect 4th,0.7999,"(2, 0)",4,1.333,Perfect 4th,517.204,"(0, 0)",0,1.0,Base Void,1.000
9,001000,"(0, 0)",0,1.0,Base Void,0.7,"(0, 0)",0,1.0,Base Void,24.250,"(1, 0)",3,1.25,Major 3rd,1.250
10,101000,"(1, 0)",3,1.25,Major 3rd,0.775,"(0, 0)",0,1.0,Base Void,194.000,"(1, 0)",3,1.25,Major 3rd,1.250
11,201000,"(2, 0)",4,1.333,Perfect 4th,0.7999,"(0, 0)",0,1.0,Base Void,388.000,"(1, 0)",3,1.25,Major 3rd,1.250
12,011000,"(0, 0)",0,1.0,Base Void,0.7,"(1, 0)",3,1.25,Major 3rd,30.312,"(1, 0)",3,1.25,Major 3rd,1.250
13,111000,"(1, 0)",3,1.25,Major 3rd,0.775,"(1, 0)",3,1.25,Major 3rd,242.500,"(1, 0)",3,1.25,Major 3rd,1.250
14,211000,"(2, 0)",4,1.333,Perfect 4th,0.7999,"(1, 0)",3,1.25,Major 3rd,485.000,"(1, 0)",3,1.25,Major 3rd,1.250
15,021000,"(0, 0)",0,1.0,Base Void,0.7,"(2, 0)",4,1.333,Perfect 4th,32.325,"(1, 0)",3,1.25,Major 3rd,1.250
16,121000,"(1, 0)",3,1.25,Major 3rd,0.775,"(2, 0)",4,1.333,Perfect 4th,258.602,"(1, 0)",3,1.25,Major 3rd,1.250
17,221000,"(2, 0)",4,1.333,Perfect 4th,0.7999,"(2, 0)",4,1.333,Perfect 4th,517.204,"(1, 0)",3,1.25,Major 3rd,1.250
18,002000,"(0, 0)",0,1.0,Base Void,0.7,"(0, 0)",0,1.0,Base Void,24.250,"(2, 0)",4,1.333,Perfect 4th,1.333
19,102000,"(1, 0)",3,1.25,Major 3rd,0.775,"(0, 0)",0,1.0,Base Void,194.000,"(2, 0)",4,1.333,Perfect 4th,1.333
20,202000,"(2, 0)",4,1.333,Perfect 4th,0.7999,"(0, 0)",0,1.0,Base Void,388.000,"(2, 0)",4,1.333,Perfect 4th,1.333
21,012000,"(0, 0)",0,1.0,Base Void,0.7,"(1, 0)",3,1.25,Major 3rd,30.312,"(2, 0)",4,1.333,Perfect 4th,1.333
22,112000,"(1, 0)",3,1.25,Major 3rd,0.775,"(1, 0)",3,1.25,Major 3rd,242.500,"(2, 0)",4,1.333,Perfect 4th,1.333
23,212000,"(2, 0)",4,1.333,Perfect 4th,0.7999,"(1, 0)",3,1.25,Major 3rd,485.000,"(2, 0)",4,1.333,Perfect 4th,1.333
24,022000,"(0, 0)",0,1.0,Base Void,0.7,"(2, 0)",4,1.333,Perfect 4th,32.325,"(2, 0)",4,1.333,Perfect 4th,1.333
25,122000,"(1, 0)",3,1.25,Major 3rd,0.775,"(2, 0)",4,1.333,Perfect 4th,258.602,"(2, 0)",4,1.333,Perfect 4th,1.333
26,222000,"(2, 0)",4,1.333,Perfect 4th,0.7999,"(2, 0)",4,1.333,Perfect 4th,517.204,"(2, 0)",4,1.333,Perfect 4th,1.333
27,000100,"(0, 0)",0,1.0,Base Void,0.7,"(0, 0)",0,1.0,Base Void,24.250,"(0, 1)",1,1.0,Unison,1.000
28,100100,"(1, 0)",3,1.25,Major 3rd,0.775,"(0, 0)",0,1.0,Base Void,194.000,"(0, 1)",1,1.0,Unison,1.000
29,200100,"(2, 0)",4,1.333,Perfect 4th,0.7999,"(0, 0)",0,1.0,Base Void,388.000,"(0, 1)",1,1.0,Unison,1.000
30,010100,"(0, 0)",0,1.0,Base Void,0.7,"(1, 0)",3,1.25,Major 3rd,30.312,"(0, 1)",1,1.0,Unison,1.000
31,110100,"(1, 0)",3,1.25,Major 3rd,0.775,"(1, 0)",3,1.25,Major 3rd,242.500,"(0, 1)",1,1.0,Unison,1.000
32,210100,"(2, 0)",4,1.333,Perfect 4th,0.7999,"(1, 0)",3,1.25,Major 3rd,485.000,"(0, 1)",1,1.0,Unison,1.000
33,020100,"(0, 0)",0,1.0,Base Void,0.7,"(2, 0)",4,1.333,Perfect 4th,32.325,"(0, 1)",1,1.0,Unison,1.000
34,120100,"(1, 0)",3,1.25,Major 3rd,0.775,"(2, 0)",4,1.333,Perfect 4th,258.602,"(0, 1)",1,1.0,Unison,1.000
35,220100,"(2, 0)",4,1.333,Perfect 4th,0.7999,"(2, 0)",4,1.333,Perfect 4th,517.204,"(0, 1)",1,1.0,Unison,1.000
36,001100,"(0, 0)",0,1.0,Base Void,0.7,"(0, 0)",0,1.0,Base Void,24.250,"(1, 1)",5,1.5,Perfect 5th,1.500
37,101100,"(1, 0)",3,1.25,Major 3rd,0.775,"(0, 0)",0,1.0,Base Void,194.000,"(1, 1)",5,1.5,Perfect 5th,1.500
38,201100,"(2, 0)",4,1.333,Perfect 4th,0.7999,"(0, 0)",0,1.0,Base Void,388.000,"(1, 1)",5,1.5,Perfect 5th,1.500
39,011100,"(0, 0)",0,1.0,Base Void,0.7,"(1, 0)",3,1.25,Major 3rd,30.312,"(1, 1)",5,1.5,Perfect 5th,1.500
40,111100,"(1, 0)",3,1.25,Major 3rd,0.775,"(1, 0)",3,1.25,Major 3rd,242.500,"(1, 1)",5,1.5,Perfect 5th,1.500
41,211100,"(2, 0)",4,1.333,Perfect 4th,0.7999,"(1, 0)",3,1.25,Major 3rd,485.000,"(1, 1)",5,1.5,Perfect 5th,1.500
42,021100,"(0, 0)",0,1.0,Base Void,0.7,"(2, 0)",4,1.333,Perfect 4th,32.325,"(1, 1)",5,1.5,Perfect 5th,1.500
43,121100,"(1, 0)",3,1.25,Major 3rd,0.775,"(2, 0)",4,1.333,Perfect 4th,258.602,"(1, 1)",5,1.5,Perfect 5th,1.500
44,221100,"(2, 0)",4,1.333,Perfect 4th,0.7999,"(2, 0)",4,1.333,Perfect 4th,517.204,"(1, 1)",5,1.5,Perfect 5th,1.500
45,002100,"(0, 0)",0,1.0,Base Void,0.7,"(0, 0)",0,1.0,Base Void,24.250,"(2, 1)",7,1.875,Minor 7th,1.875
46,102100,"(1, 0)",3,1.25,Major 3rd,0.775,"(0, 0)",0,1.0,Base Void,194.000,"(2, 1)",7,1.875,Minor 7th,1.875
47,202100,"(2, 0)",4,1.333,Perfect 4th,0.7999,"(0, 0)",0,1.0,Base Void,388.000,"(2, 1)",7,1.875,Minor 7th,1.875
48,012100,"(0, 0)",0,1.0,Base Void,0.7,"(1, 0)",3,1.25,Major 3rd,30.312,"(2, 1)",7,1.875,Minor 7th,1.875
49,112100,"(1, 0)",3,1.25,Major 3rd,0.775,"(1, 0)",3,1.25,Major 3rd,242.500,"(2, 1)",7,1.875,Minor 7th,1.875
50,212100,"(2, 0)",4,1.333,Perfect 4th,0.7999,"(1, 0)",3,1.25,Major 3rd,485.000,"(2, 1)",7,1.875,Minor 7th,1.875
51,022100,"(0, 0)",0,1.0,Base Void,0.7,"(2, 0)",4,1.333,Perfect 4th,32.325,"(2, 1)",7,1.875,Minor 7th,1.875
52,122100,"(1, 0)",3,1.25,Major 3rd,0.775,"(2, 0)",4,1.333,Perfect 4th,258.602,"(2, 1)",7,1.875,Minor 7th,1.875
53,222100,"(2, 0)",4,1.333,Perfect 4th,0.7999,"(2, 0)",4,1.333,Perfect 4th,517.204,"(2, 1)",7,1.875,Minor 7th,1.875
54,000200,"(0, 0)",0,1.0,Base Void,0.7,"(0, 0)",0,1.0,Base Void,24.250,"(0, 2)",2,1.125,Major 2nd,1.125
55,100200,"(1, 0)",3,1.25,Major 3rd,0.775,"(0, 0)",0,1.0,Base Void,194.000,"(0, 2)",2,1.125,Major 2nd,1.125
56,200200,"(2, 0)",4,1.333,Perfect 4th,0.7999,"(0, 0)",0,1.0,Base Void,388.000,"(0, 2)",2,1.125,Major 2nd,1.125
57,010200,"(0, 0)",0,1.0,Base Void,0.7,"(1, 0)",3,1.25,Major 3rd,30.312,"(0, 2)",2,1.125,Major 2nd,1.125
58,110200,"(1, 0)",3,1.25,Major 3rd,0.775,"(1, 0)",3,1.25,Major 3rd,242.500,"(0, 2)",2,1.125,Major 2nd,1.125
59,210200,"(2, 0)",4,1.333,Perfect 4th,0.7999,"(1, 0)",3,1.25,Major 3rd,485.000,"(0, 2)",2,1.125,Major 2nd,1.125
60,020200,"(0, 0)",0,1.0,Base Void,0.7,"(2, 0)",4,1.333,Perfect 4th,32.325,"(0, 2)",2,1.125,Major 2nd,1.125
61,120200,"(1, 0)",3,1.25,Major 3rd,0.775,"(2, 0)",4,1.333,Perfect 4th,258.602,"(0, 2)",2,1.125,Major 2nd,1.125
62,220200,"(2, 0)",4,1.333,Perfect 4th,0.7999,"(2, 0)",4,1.333,Perfect 4th,517.204,"(0, 2)",2,1.125,Major 2nd,1.125
63,001200,"(0, 0)",0,1.0,Base Void,0.7,"(0, 0)",0,1.0,Base Void,24.250,"(1, 2)",6,1.666,Major 6th,1.666
64,101200,"(1, 0)",3,1.25,Major 3rd,0.775,"(0, 0)",0,1.0,Base Void,194.000,"(1, 2)",6,1.666,Major 6th,1.666
65,201200,"(2, 0)",4,1.333,Perfect 4th,0.7999,"(0, 0)",0,1.0,Base Void,388.000,"(1, 2)",6,1.666,Major 6th,1.666
66,011200,"(0, 0)",0,1.0,Base Void,0.7,"(1, 0)",3,1.25,Major 3rd,30.312,"(1, 2)",6,1.666,Major 6th,1.666
67,111200,"(1, 0)",3,1.25,Major 3rd,0.775,"(1, 0)",3,1.25,Major 3rd,242.500,"(1, 2)",6,1.666,Major 6th,1.666
68,211200,"(2, 0)",4,1.333,Perfect 4th,0.7999,"(1, 0)",3,1.25,Major 3rd,485.000,"(1, 2)",6,1.666,Major 6th,1.666
69,021200,"(0, 0)",0,1.0,Base Void,0.7,"(2, 0)",4,1.333,Perfect 4th,32.325,"(1, 2)",6,1.666,Major 6th,1.666
70,121200,"(1, 0)",3,1.25,Major 3rd,0.775,"(2, 0)",4,1.333,Perfect 4th,258.602,"(1, 2)",6,1.666,Major 6th,1.666
71,221200,"(2, 0)",4,1.333,Perfect 4th,0.7999,"(2, 0)",4,1.333,Perfect 4th,517.204,"(1, 2)",6,1.666,Major 6th,1.666
72,002200,"(0, 0)",0,1.0,Base Void,0.7,"(0, 0)",0,1.0,Base Void,24.250,"(2, 2)",8,2.0,Octave,2.000
73,102200,"(1, 0)",3,1.25,Major 3rd,0.775,"(0, 0)",0,1.0,Base Void,194.000,"(2, 2)",8,2.0,Octave,2.000
74,202200,"(2, 0)",4,1.333,Perfect 4th,0.7999,"(0, 0)",0,1.0,Base Void,388.000,"(2, 2)",8,2.0,Octave,2.000
75,012200,"(0, 0)",0,1.0,Base Void,0.7,"(1, 0)",3,1.25,Major 3rd,30.312,"(2, 2)",8,2.0,Octave,2.000
76,112200,"(1, 0)",3,1.25,Major 3rd,0.775,"(1, 0)",3,1.25,Major 3rd,242.500,"(2, 2)",8,2.0,Octave,2.000
77,212200,"(2, 0)",4,1.333,Perfect 4th,0.7999,"(1, 0)",3,1.25,Major 3rd,485.000,"(2, 2)",8,2.0,Octave,2.000
78,022200,"(0, 0)",0,1.0,Base Void,0.7,"(2, 0)",4,1.333,Perfect 4th,32.325,"(2, 2)",8,2.0,Octave,2.000
79,122200,"(1, 0)",3,1.25,Major 3rd,0.775,"(2, 0)",4,1.333,Perfect 4th,258.602,"(2, 2)",8,2.0,Octave,2.000
80,222200,"(2, 0)",4,1.333,Perfect 4th,0.7999,"(2, 0)",4,1.333,Perfect 4th,517.204,"(2, 2)",8,2.0,Octave,2.000
81,000010,"(0, 0)",0,1.0,Base Void,0.7,"(0, 1)",1,1.0,Unison,24.250,"(0, 0)",0,1.0,Base Void,1.000
82,100010,"(1, 0)",3,1.25,Major 3rd,0.775,"(0, 1)",1,1.0,Unison,194.000,"(0, 0)",0,1.0,Base Void,1.000
83,200010,"(2, 0)",4,1.333,Perfect 4th,0.7999,"(0, 1)",1,1.0,Unison,388.000,"(0, 0)",0,1.0,Base Void,1.000
84,010010,"(0, 0)",0,1.0,Base Void,0.7,"(1, 1)",5,1.5,Perfect 5th,36.375,"(0, 0)",0,1.0,Base Void,1.000
85,110010,"(1, 0)",3,1.25,Major 3rd,0.775,"(1, 1)",5,1.5,Perfect 5th,291.000,"(0, 0)",0,1.0,Base Void,1.000
86,210010,"(2, 0)",4,1.333,Perfect 4th,0.7999,"(1, 1)",5,1.5,Perfect 5th,582.000,"(0, 0)",0,1.0,Base Void,1.000
87,020010,"(0, 0)",0,1.0,Base Void,0.7,"(2, 1)",7,1.875,Minor 7th,45.469,"(0, 0)",0,1.0,Base Void,1.000
88,120010,"(1, 0)",3,1.25,Major 3rd,0.775,"(2, 1)",7,1.875,Minor 7th,363.750,"(0, 0)",0,1.0,Base Void,1.000
89,220010,"(2, 0)",4,1.333,Perfect 4th,0.7999,"(2, 1)",7,1.875,Minor 7th,727.500,"(0, 0)",0,1.0,Base Void,1.000
90,001010,"(0, 0)",0,1.0,Base Void,0.7,"(0, 1)",1,1.0,Unison,24.250,"(1, 0)",3,1.25,Major 3rd,1.250
91,101010,"(1, 0)",3,1.25,Major 3rd,0.775,"(0, 1)",1,1.0,Unison,194.000,"(1, 0)",3,1.25,Major 3rd,1.250
92,201010,"(2, 0)",4,1.333,Perfect 4th,0.7999,"(0, 1)",1,1.0,Unison,388.000,"(1, 0)",3,1.25,Major 3rd,1.250
93,011010,"(0, 0)",0,1.0,Base Void,0.7,"(1, 1)",5,1.5,Perfect 5th,36.375,"(1, 0)",3,1.25,Major 3rd,1.250
94,111010,"(1, 0)",3,1.25,Major 3rd,0.775,"(1, 1)",5,1.5,Perfect 5th,291.000,"(1, 0)",3,1.25,Major 3rd,1.250
95,211010,"(2, 0)",4,1.333,Perfect 4th,0.7999,"(1, 1)",5,1.5,Perfect 5th,582.000,"(1, 0)",3,1.25,Major 3rd,1.250
96,021010,"(0, 0)",0,1.0,Base Void,0.7,"(2, 1)",7,1.875,Minor 7th,45.469,"(1, 0)",3,1.25,Major 3rd,1.250
97,121010,"(1, 0)",3,1.25,Major 3rd,0.775,"(2, 1)",7,1.875,Minor 7th,363.750,"(1, 0)",3,1.25,Major 3rd,1.250
98,221010,"(2, 0)",4,1.333,Perfect 4th,0.7999,"(2, 1)",7,1.875,Minor 7th,727.500,"(1, 0)",3,1.25,Major 3rd,1.250
99,002010,"(0, 0)",0,1.0,Base Void,0.7,"(0, 1)",1,1.0,Unison,24.250,"(2, 0)",4,1.333,Perfect 4th,1.333
100,102010,"(1, 0)",3,1.25,Major 3rd,0.775,"(0, 1)",1,1.0,Unison,194.000,"(2, 0)",4,1.333,Perfect 4th,1.333
101,202010,"(2, 0)",4,1.333,Perfect 4th,0.7999,"(0, 1)",1,1.0,Unison,388.000,"(2, 0)",4,1.333,Perfect 4th,1.333
102,012010,"(0, 0)",0,1.0,Base Void,0.7,"(1, 1)",5,1.5,Perfect 5th,36.375,"(2, 0)",4,1.333,Perfect 4th,1.333
103,112010,"(1, 0)",3,1.25,Major 3rd,0.775,"(1, 1)",5,1.5,Perfect 5th,291.000,"(2, 0)",4,1.333,Perfect 4th,1.333
104,212010,"(2, 0)",4,1.333,Perfect 4th,0.7999,"(1, 1)",5,1.5,Perfect 5th,582.000,"(2, 0)",4,1.333,Perfect 4th,1.333
105,022010,"(0, 0)",0,1.0,Base Void,0.7,"(2, 1)",7,1.875,Minor 7th,45.469,"(2, 0)",4,1.333,Perfect 4th,1.333
106,122010,"(1, 0)",3,1.25,Major 3rd,0.775,"(2, 1)",7,1.875,Minor 7th,363.750,"(2, 0)",4,1.333,Perfect 4th,1.333
107,222010,"(2, 0)",4,1.333,Perfect 4th,0.7999,"(2, 1)",7,1.875,Minor 7th,727.500,"(2, 0)",4,1.333,Perfect 4th,1.333
108,000110,"(0, 0)",0,1.0,Base Void,0.7,"(0, 1)",1,1.0,Unison,24.250,"(0, 1)",1,1.0,Unison,1.000
109,100110,"(1, 0)",3,1.25,Major 3rd,0.775,"(0, 1)",1,1.0,Unison,194.000,"(0, 1)",1,1.0,Unison,1.000
110,200110,"(2, 0)",4,1.333,Perfect 4th,0.7999,"(0, 1)",1,1.0,Unison,388.000,"(0, 1)",1,1.0,Unison,1.000
111,010110,"(0, 0)",0,1.0,Base Void,0.7,"(1, 1)",5,1.5,Perfect 5th,36.375,"(0, 1)",1,1.0,Unison,1.000
112,110110,"(1, 0)",3,1.25,Major 3rd,0.775,"(1, 1)",5,1.5,Perfect 5th,291.000,"(0, 1)",1,1.0,Unison,1.000
113,210110,"(2, 0)",4,1.333,Perfect 4th,0.7999,"(1, 1)",5,1.5,Perfect 5th,582.000,"(0, 1)",1,1.0,Unison,1.000
114,020110,"(0, 0)",0,1.0,Base Void,0.7,"(2, 1)",7,1.875,Minor 7th,45.469,"(0, 1)",1,1.0,Unison,1.000
115,120110,"(1, 0)",3,1.25,Major 3rd,0.775,"(2, 1)",7,1.875,Minor 7th,363.750,"(0, 1)",1,1.0,Unison,1.000
116,220110,"(2, 0)",4,1.333,Perfect 4th,0.7999,"(2, 1)",7,1.875,Minor 7th,727.500,"(0, 1)",1,1.0,Unison,1.000
117,001110,"(0, 0)",0,1.0,Base Void,0.7,"(0, 1)",1,1.0,Unison,24.250,"(1, 1)",5,1.5,Perfect 5th,1.500
118,101110,"(1, 0)",3,1.25,Major 3rd,0.775,"(0, 1)",1,1.0,Unison,194.000,"(1, 1)",5,1.5,Perfect 5th,1.500
119,201110,"(2, 0)",4,1.333,Perfect 4th,0.7999,"(0, 1)",1,1.0,Unison,388.000,"(1, 1)",5,1.5,Perfect 5th,1.500
120,011110,"(0, 0)",0,1.0,Base Void,0.7,"(1, 1)",5,1.5,Perfect 5th,36.375,"(1, 1)",5,1.5,Perfect 5th,1.500
121,111110,"(1, 0)",3,1.25,Major 3rd,0.775,"(1, 1)",5,1.5,Perfect 5th,291.000,"(1, 1)",5,1.5,Perfect 5th,1.500
122,211110,"(2, 0)",4,1.333,Perfect 4th,0.7999,"(1, 1)",5,1.5,Perfect 5th,582.000,"(1, 1)",5,1.5,Perfect 5th,1.500
123,021110,"(0, 0)",0,1.0,Base Void,0.7,"(2, 1)",7,1.875,Minor 7th,45.469,"(1, 1)",5,1.5,Perfect 5th,1.500
124,121110,"(1, 0)",3,1.25,Major 3rd,0.775,"(2, 1)",7,1.875,Minor 7th,363.750,"(1, 1)",5,1.5,Perfect 5th,1.500
125,221110,"(2, 0)",4,1.333,Perfect 4th,0.7999,"(2, 1)",7,1.875,Minor 7th,727.500,"(1, 1)",5,1.5,Perfect 5th,1.500
126,002110,"(0, 0)",0,1.0,Base Void,0.7,"(0, 1)",1,1.0,Unison,24.250,"(2, 1)",7,1.875,Minor 7th,1.875
127,102110,"(1, 0)",3,1.25,Major 3rd,0.775,"(0, 1)",1,1.0,Unison,194.000,"(2, 1)",7,1.875,Minor 7th,1.875
128,202110,"(2, 0)",4,1.333,Perfect 4th,0.7999,"(0, 1)",1,1.0,Unison,388.000,"(2, 1)",7,1.875,Minor 7th,1.875
129,012110,"(0, 0)",0,1.0,Base Void,0.7,"(1, 1)",5,1.5,Perfect 5th,36.375,"(2, 1)",7,1.875,Minor 7th,1.875
130,112110,"(1, 0)",3,1.25,Major 3rd,0.775,"(1, 1)",5,1.5,Perfect 5th,291.000,"(2, 1)",7,1.875,Minor 7th,1.875
131,212110,"(2, 0)",4,1.333,Perfect 4th,0.7999,"(1, 1)",5,1.5,Perfect 5th,582.000,"(2, 1)",7,1.875,Minor 7th,1.875
132,022110,"(0, 0)",0,1.0,Base Void,0.7,"(2, 1)",7,1.875,Minor 7th,45.469,"(2, 1)",7,1.875,Minor 7th,1.875
133,122110,"(1, 0)",3,1.25,Major 3rd,0.775,"(2, 1)",7,1.875,Minor 7th,363.750,"(2, 1)",7,1.875,Minor 7th,1.875
134,222110,"(2, 0)",4,1.333,Perfect 4th,0.7999,"(2, 1)",7,1.875,Minor 7th,727.500,"(2, 1)",7,1.875,Minor 7th,1.875
135,000210,"(0, 0)",0,1.0,Base Void,0.7,"(0, 1)",1,1.0,Unison,24.250,"(0, 2)",2,1.125,Major 2nd,1.125
136,100210,"(1, 0)",3,1.25,Major 3rd,0.775,"(0, 1)",1,1.0,Unison,194.000,"(0, 2)",2,1.125,Major 2nd,1.125
137,200210,"(2, 0)",4,1.333,Perfect 4th,0.7999,"(0, 1)",1,1.0,Unison,388.000,"(0, 2)",2,1.125,Major 2nd,1.125
138,010210,"(0, 0)",0,1.0,Base Void,0.7,"(1, 1)",5,1.5,Perfect 5th,36.375,"(0, 2)",2,1.125,Major 2nd,1.125
139,110210,"(1, 0)",3,1.25,Major 3rd,0.775,"(1, 1)",5,1.5,Perfect 5th,291.000,"(0, 2)",2,1.125,Major 2nd,1.125
140,210210,"(2, 0)",4,1.333,Perfect 4th,0.7999,"(1, 1)",5,1.5,Perfect 5th,582.000,"(0, 2)",2,1.125,Major 2nd,1.125
141,020210,"(0, 0)",0,1.0,Base Void,0.7,"(2, 1)",7,1.875,Minor 7th,45.469,"(0, 2)",2,1.125,Major 2nd,1.125
142,120210,"(1, 0)",3,1.25,Major 3rd,0.775,"(2, 1)",7,1.875,Minor 7th,363.750,"(0, 2)",2,1.125,Major 2nd,1.125
143,220210,"(2, 0)",4,1.333,Perfect 4th,0.7999,"(2, 1)",7,1.875,Minor 7th,727.500,"(0, 2)",2,1.125,Major 2nd,1.125
144,001210,"(0, 0)",0,1.0,Base Void,0.7,"(0, 1)",1,1.0,Unison,24.250,"(1, 2)",6,1.666,Major 6th,1.666
145,101210,"(1, 0)",3,1.25,Major 3rd,0.775,"(0, 1)",1,1.0,Unison,194.000,"(1, 2)",6,1.666,Major 6th,1.666
146,201210,"(2, 0)",4,1.333,Perfect 4th,0.7999,"(0, 1)",1,1.0,Unison,388.000,"(1, 2)",6,1.666,Major 6th,1.666
147,011210,"(0, 0)",0,1.0,Base Void,0.7,"(1, 1)",5,1.5,Perfect 5th,36.375,"(1, 2)",6,1.666,Major 6th,1.666
148,111210,"(1, 0)",3,1.25,Major 3rd,0.775,"(1, 1)",5,1.5,Perfect 5th,291.000,"(1, 2)",6,1.666,Major 6th,1.666
149,211210,"(2, 0)",4,1.333,Perfect 4th,0.7999,"(1, 1)",5,1.5,Perfect 5th,582.000,"(1, 2)",6,1.666,Major 6th,1.666
150,021210,"(0, 0)",0,1.0,Base Void,0.7,"(2, 1)",7,1.875,Minor 7th,45.469,"(1, 2)",6,1.666,Major 6th,1.666
151,121210,"(1, 0)",3,1.25,Major 3rd,0.775,"(2, 1)",7,1.875,Minor 7th,363.750,"(1, 2)",6,1.666,Major 6th,1.666
152,221210,"(2, 0)",4,1.333,Perfect 4th,0.7999,"(2, 1)",7,1.875,Minor 7th,727.500,"(1, 2)",6,1.666,Major 6th,1.666
153,002210,"(0, 0)",0,1.0,Base Void,0.7,"(0, 1)",1,1.0,Unison,24.250,"(2, 2)",8,2.0,Octave,2.000
154,102210,"(1, 0)",3,1.25,Major 3rd,0.775,"(0, 1)",1,1.0,Unison,194.000,"(2, 2)",8,2.0,Octave,2.000
155,202210,"(2, 0)",4,1.333,Perfect 4th,0.7999,"(0, 1)",1,1.0,Unison,388.000,"(2, 2)",8,2.0,Octave,2.000
156,012210,"(0, 0)",0,1.0,Base Void,0.7,"(1, 1)",5,1.5,Perfect 5th,36.375,"(2, 2)",8,2.0,Octave,2.000
157,112210,"(1, 0)",3,1.25,Major 3rd,0.775,"(1, 1)",5,1.5,Perfect 5th,291.000,"(2, 2)",8,2.0,Octave,2.000
158,212210,"(2, 0)",4,1.333,Perfect 4th,0.7999,"(1, 1)",5,1.5,Perfect 5th,582.000,"(2, 2)",8,2.0,Octave,2.000
159,022210,"(0, 0)",0,1.0,Base Void,0.7,"(2, 1)",7,1.875,Minor 7th,45.469,"(2, 2)",8,2.0,Octave,2.000
160,122210,"(1, 0)",3,1.25,Major 3rd,0.775,"(2, 1)",7,1.875,Minor 7th,363.750,"(2, 2)",8,2.0,Octave,2.000
161,222210,"(2, 0)",4,1.333,Perfect 4th,0.7999,"(2, 1)",7,1.875,Minor 7th,727.500,"(2, 2)",8,2.0,Octave,2.000
162,000020,"(0, 0)",0,1.0,Base Void,0.7,"(0, 2)",2,1.125,Major 2nd,27.281,"(0, 0)",0,1.0,Base Void,1.000
163,100020,"(1, 0)",3,1.25,Major 3rd,0.775,"(0, 2)",2,1.125,Major 2nd,218.250,"(0, 0)",0,1.0,Base Void,1.000
164,200020,"(2, 0)",4,1.333,Perfect 4th,0.7999,"(0, 2)",2,1.125,Major 2nd,436.500,"(0, 0)",0,1.0,Base Void,1.000
165,010020,"(0, 0)",0,1.0,Base Void,0.7,"(1, 2)",6,1.666,Major 6th,40.401,"(0, 0)",0,1.0,Base Void,1.000
166,110020,"(1, 0)",3,1.25,Major 3rd,0.775,"(1, 2)",6,1.666,Major 6th,323.204,"(0, 0)",0,1.0,Base Void,1.000
167,210020,"(2, 0)",4,1.333,Perfect 4th,0.7999,"(1, 2)",6,1.666,Major 6th,646.408,"(0, 0)",0,1.0,Base Void,1.000
168,020020,"(0, 0)",0,1.0,Base Void,0.7,"(2, 2)",8,2.0,Octave,48.500,"(0, 0)",0,1.0,Base Void,1.000
169,120020,"(1, 0)",3,1.25,Major 3rd,0.775,"(2, 2)",8,2.0,Octave,388.000,"(0, 0)",0,1.0,Base Void,1.000
170,220020,"(2, 0)",4,1.333,Perfect 4th,0.7999,"(2, 2)",8,2.0,Octave,776.000,"(0, 0)",0,1.0,Base Void,1.000
171,001020,"(0, 0)",0,1.0,Base Void,0.7,"(0, 2)",2,1.125,Major 2nd,27.281,"(1, 0)",3,1.25,Major 3rd,1.250
172,101020,"(1, 0)",3,1.25,Major 3rd,0.775,"(0, 2)",2,1.125,Major 2nd,218.250,"(1, 0)",3,1.25,Major 3rd,1.250
173,201020,"(2, 0)",4,1.333,Perfect 4th,0.7999,"(0, 2)",2,1.125,Major 2nd,436.500,"(1, 0)",3,1.25,Major 3rd,1.250
174,011020,"(0, 0)",0,1.0,Base Void,0.7,"(1, 2)",6,1.666,Major 6th,40.401,"(1, 0)",3,1.25,Major 3rd,1.250
175,111020,"(1, 0)",3,1.25,Major 3rd,0.775,"(1, 2)",6,1.666,Major 6th,323.204,"(1, 0)",3,1.25,Major 3rd,1.250
176,211020,"(2, 0)",4,1.333,Perfect 4th,0.7999,"(1, 2)",6,1.666,Major 6th,646.408,"(1, 0)",3,1.25,Major 3rd,1.250
177,021020,"(0, 0)",0,1.0,Base Void,0.7,"(2, 2)",8,2.0,Octave,48.500,"(1, 0)",3,1.25,Major 3rd,1.250
178,121020,"(1, 0)",3,1.25,Major 3rd,0.775,"(2, 2)",8,2.0,Octave,388.000,"(1, 0)",3,1.25,Major 3rd,1.250
179,221020,"(2, 0)",4,1.333,Perfect 4th,0.7999,"(2, 2)",8,2.0,Octave,776.000,"(1, 0)",3,1.25,Major 3rd,1.250
180,002020,"(0, 0)",0,1.0,Base Void,0.7,"(0, 2)",2,1.125,Major 2nd,27.281,"(2, 0)",4,1.333,Perfect 4th,1.333
181,102020,"(1, 0)",3,1.25,Major 3rd,0.775,"(0, 2)",2,1.125,Major 2nd,218.250,"(2, 0)",4,1.333,Perfect 4th,1.333
182,202020,"(2, 0)",4,1.333,Perfect 4th,0.7999,"(0, 2)",2,1.125,Major 2nd,436.500,"(2, 0)",4,1.333,Perfect 4th,1.333
183,012020,"(0, 0)",0,1.0,Base Void,0.7,"(1, 2)",6,1.666,Major 6th,40.401,"(2, 0)",4,1.333,Perfect 4th,1.333
184,112020,"(1, 0)",3,1.25,Major 3rd,0.775,"(1, 2)",6,1.666,Major 6th,323.204,"(2, 0)",4,1.333,Perfect 4th,1.333
185,212020,"(2, 0)",4,1.333,Perfect 4th,0.7999,"(1, 2)",6,1.666,Major 6th,646.408,"(2, 0)",4,1.333,Perfect 4th,1.333
186,022020,"(0, 0)",0,1.0,Base Void,0.7,"(2, 2)",8,2.0,Octave,48.500,"(2, 0)",4,1.333,Perfect 4th,1.333
187,122020,"(1, 0)",3,1.25,Major 3rd,0.775,"(2, 2)",8,2.0,Octave,388.000,"(2, 0)",4,1.333,Perfect 4th,1.333
188,222020,"(2, 0)",4,1.333,Perfect 4th,0.7999,"(2, 2)",8,2.0,Octave,776.000,"(2, 0)",4,1.333,Perfect 4th,1.333
189,000120,"(0, 0)",0,1.0,Base Void,0.7,"(0, 2)",2,1.125,Major 2nd,27.281,"(0, 1)",1,1.0,Unison,1.000
190,100120,"(1, 0)",3,1.25,Major 3rd,0.775,"(0, 2)",2,1.125,Major 2nd,218.250,"(0, 1)",1,1.0,Unison,1.000
191,200120,"(2, 0)",4,1.333,Perfect 4th,0.7999,"(0, 2)",2,1.125,Major 2nd,436.500,"(0, 1)",1,1.0,Unison,1.000
192,010120,"(0, 0)",0,1.0,Base Void,0.7,"(1, 2)",6,1.666,Major 6th,40.401,"(0, 1)",1,1.0,Unison,1.000
193,110120,"(1, 0)",3,1.25,Major 3rd,0.775,"(1, 2)",6,1.666,Major 6th,323.204,"(0, 1)",1,1.0,Unison,1.000
194,210120,"(2, 0)",4,1.333,Perfect 4th,0.7999,"(1, 2)",6,1.666,Major 6th,646.408,"(0, 1)",1,1.0,Unison,1.000
195,020120,"(0, 0)",0,1.0,Base Void,0.7,"(2, 2)",8,2.0,Octave,48.500,"(0, 1)",1,1.0,Unison,1.000
196,120120,"(1, 0)",3,1.25,Major 3rd,0.775,"(2, 2)",8,2.0,Octave,388.000,"(0, 1)",1,1.0,Unison,1.000
197,220120,"(2, 0)",4,1.333,Perfect 4th,0.7999,"(2, 2)",8,2.0,Octave,776.000,"(0, 1)",1,1.0,Unison,1.000
198,001120,"(0, 0)",0,1.0,Base Void,0.7,"(0, 2)",2,1.125,Major 2nd,27.281,"(1, 1)",5,1.5,Perfect 5th,1.500
199,101120,"(1, 0)",3,1.25,Major 3rd,0.775,"(0, 2)",2,1.125,Major 2nd,218.250,"(1, 1)",5,1.5,Perfect 5th,1.500
200,201120,"(2, 0)",4,1.333,Perfect 4th,0.7999,"(0, 2)",2,1.125,Major 2nd,436.500,"(1, 1)",5,1.5,Perfect 5th,1.500
201,011120,"(0, 0)",0,1.0,Base Void,0.7,"(1, 2)",6,1.666,Major 6th,40.401,"(1, 1)",5,1.5,Perfect 5th,1.500
202,111120,"(1, 0)",3,1.25,Major 3rd,0.775,"(1, 2)",6,1.666,Major 6th,323.204,"(1, 1)",5,1.5,Perfect 5th,1.500
203,211120,"(2, 0)",4,1.333,Perfect 4th,0.7999,"(1, 2)",6,1.666,Major 6th,646.408,"(1, 1)",5,1.5,Perfect 5th,1.500
204,021120,"(0, 0)",0,1.0,Base Void,0.7,"(2, 2)",8,2.0,Octave,48.500,"(1, 1)",5,1.5,Perfect 5th,1.500
205,121120,"(1, 0)",3,1.25,Major 3rd,0.775,"(2, 2)",8,2.0,Octave,388.000,"(1, 1)",5,1.5,Perfect 5th,1.500
206,221120,"(2, 0)",4,1.333,Perfect 4th,0.7999,"(2, 2)",8,2.0,Octave,776.000,"(1, 1)",5,1.5,Perfect 5th,1.500
207,002120,"(0, 0)",0,1.0,Base Void,0.7,"(0, 2)",2,1.125,Major 2nd,27.281,"(2, 1)",7,1.875,Minor 7th,1.875
208,102120,"(1, 0)",3,1.25,Major 3rd,0.775,"(0, 2)",2,1.125,Major 2nd,218.250,"(2, 1)",7,1.875,Minor 7th,1.875
209,202120,"(2, 0)",4,1.333,Perfect 4th,0.7999,"(0, 2)",2,1.125,Major 2nd,436.500,"(2, 1)",7,1.875,Minor 7th,1.875
210,012120,"(0, 0)",0,1.0,Base Void,0.7,"(1, 2)",6,1.666,Major 6th,40.401,"(2, 1)",7,1.875,Minor 7th,1.875
211,112120,"(1, 0)",3,1.25,Major 3rd,0.775,"(1, 2)",6,1.666,Major 6th,323.204,"(2, 1)",7,1.875,Minor 7th,1.875
212,212120,"(2, 0)",4,1.333,Perfect 4th,0.7999,"(1, 2)",6,1.666,Major 6th,646.408,"(2, 1)",7,1.875,Minor 7th,1.875
213,022120,"(0, 0)",0,1.0,Base Void,0.7,"(2, 2)",8,2.0,Octave,48.500,"(2, 1)",7,1.875,Minor 7th,1.875
214,122120,"(1, 0)",3,1.25,Major 3rd,0.775,"(2, 2)",8,2.0,Octave,388.000,"(2, 1)",7,1.875,Minor 7th,1.875
215,222120,"(2, 0)",4,1.333,Perfect 4th,0.7999,"(2, 2)",8,2.0,Octave,776.000,"(2, 1)",7,1.875,Minor 7th,1.875
216,000220,"(0, 0)",0,1.0,Base Void,0.7,"(0, 2)",2,1.125,Major 2nd,27.281,"(0, 2)",2,1.125,Major 2nd,1.125
217,100220,"(1, 0)",3,1.25,Major 3rd,0.775,"(0, 2)",2,1.125,Major 2nd,218.250,"(0, 2)",2,1.125,Major 2nd,1.125
218,200220,"(2, 0)",4,1.333,Perfect 4th,0.7999,"(0, 2)",2,1.125,Major 2nd,436.500,"(0, 2)",2,1.125,Major 2nd,1.125
219,010220,"(0, 0)",0,1.0,Base Void,0.7,"(1, 2)",6,1.666,Major 6th,40.401,"(0, 2)",2,1.125,Major 2nd,1.125
220,110220,"(1, 0)",3,1.25,Major 3rd,0.775,"(1, 2)",6,1.666,Major 6th,323.204,"(0, 2)",2,1.125,Major 2nd,1.125
221,210220,"(2, 0)",4,1.333,Perfect 4th,0.7999,"(1, 2)",6,1.666,Major 6th,646.408,"(0, 2)",2,1.125,Major 2nd,1.125
222,020220,"(0, 0)",0,1.0,Base Void,0.7,"(2, 2)",8,2.0,Octave,48.500,"(0, 2)",2,1.125,Major 2nd,1.125
223,120220,"(1, 0)",3,1.25,Major 3rd,0.775,"(2, 2)",8,2.0,Octave,388.000,"(0, 2)",2,1.125,Major 2nd,1.125
224,220220,"(2, 0)",4,1.333,Perfect 4th,0.7999,"(2, 2)",8,2.0,Octave,776.000,"(0, 2)",2,1.125,Major 2nd,1.125
225,001220,"(0, 0)",0,1.0,Base Void,0.7,"(0, 2)",2,1.125,Major 2nd,27.281,"(1, 2)",6,1.666,Major 6th,1.666
226,101220,"(1, 0)",3,1.25,Major 3rd,0.775,"(0, 2)",2,1.125,Major 2nd,218.250,"(1, 2)",6,1.666,Major 6th,1.666
227,201220,"(2, 0)",4,1.333,Perfect 4th,0.7999,"(0, 2)",2,1.125,Major 2nd,436.500,"(1, 2)",6,1.666,Major 6th,1.666
228,011220,"(0, 0)",0,1.0,Base Void,0.7,"(1, 2)",6,1.666,Major 6th,40.401,"(1, 2)",6,1.666,Major 6th,1.666
229,111220,"(1, 0)",3,1.25,Major 3rd,0.775,"(1, 2)",6,1.666,Major 6th,323.204,"(1, 2)",6,1.666,Major 6th,1.666
230,211220,"(2, 0)",4,1.333,Perfect 4th,0.7999,"(1, 2)",6,1.666,Major 6th,646.408,"(1, 2)",6,1.666,Major 6th,1.666
231,021220,"(0, 0)",0,1.0,Base Void,0.7,"(2, 2)",8,2.0,Octave,48.500,"(1, 2)",6,1.666,Major 6th,1.666
232,121220,"(1, 0)",3,1.25,Major 3rd,0.775,"(2, 2)",8,2.0,Octave,388.000,"(1, 2)",6,1.666,Major 6th,1.666
233,221220,"(2, 0)",4,1.333,Perfect 4th,0.7999,"(2, 2)",8,2.0,Octave,776.000,"(1, 2)",6,1.666,Major 6th,1.666
234,002220,"(0, 0)",0,1.0,Base Void,0.7,"(0, 2)",2,1.125,Major 2nd,27.281,"(2, 2)",8,2.0,Octave,2.000
235,102220,"(1, 0)",3,1.25,Major 3rd,0.775,"(0, 2)",2,1.125,Major 2nd,218.250,"(2, 2)",8,2.0,Octave,2.000
236,202220,"(2, 0)",4,1.333,Perfect 4th,0.7999,"(0, 2)",2,1.125,Major 2nd,436.500,"(2, 2)",8,2.0,Octave,2.000
237,012220,"(0, 0)",0,1.0,Base Void,0.7,"(1, 2)",6,1.666,Major 6th,40.401,"(2, 2)",8,2.0,Octave,2.000
238,112220,"(1, 0)",3,1.25,Major 3rd,0.775,"(1, 2)",6,1.666,Major 6th,323.204,"(2, 2)",8,2.0,Octave,2.000
239,212220,"(2, 0)",4,1.333,Perfect 4th,0.7999,"(1, 2)",6,1.666,Major 6th,646.408,"(2, 2)",8,2.0,Octave,2.000
240,022220,"(0, 0)",0,1.0,Base Void,0.7,"(2, 2)",8,2.0,Octave,48.500,"(2, 2)",8,2.0,Octave,2.000
241,122220,"(1, 0)",3,1.25,Major 3rd,0.775,"(2, 2)",8,2.0,Octave,388.000,"(2, 2)",8,2.0,Octave,2.000
242,222220,"(2, 0)",4,1.333,Perfect 4th,0.7999,"(2, 2)",8,2.0,Octave,776.000,"(2, 2)",8,2.0,Octave,2.000
243,000001,"(0, 1)",1,1.0,Unison,0.7,"(0, 0)",0,1.0,Base Void,48.500,"(0, 0)",0,1.0,Base Void,1.000
244,100001,"(1, 1)",5,1.5,Perfect 5th,0.85,"(0, 0)",0,1.0,Base Void,776.000,"(0, 0)",0,1.0,Base Void,1.000
245,200001,"(2, 1)",7,1.875,Minor 7th,0.9625,"(0, 0)",0,1.0,Base Void,3104.000,"(0, 0)",0,1.0,Base Void,1.000
246,010001,"(0, 1)",1,1.0,Unison,0.7,"(1, 0)",3,1.25,Major 3rd,60.625,"(0, 0)",0,1.0,Base Void,1.000
247,110001,"(1, 1)",5,1.5,Perfect 5th,0.85,"(1, 0)",3,1.25,Major 3rd,970.000,"(0, 0)",0,1.0,Base Void,1.000
248,210001,"(2, 1)",7,1.875,Minor 7th,0.9625,"(1, 0)",3,1.25,Major 3rd,3880.000,"(0, 0)",0,1.0,Base Void,1.000
249,020001,"(0, 1)",1,1.0,Unison,0.7,"(2, 0)",4,1.333,Perfect 4th,64.650,"(0, 0)",0,1.0,Base Void,1.000
250,120001,"(1, 1)",5,1.5,Perfect 5th,0.85,"(2, 0)",4,1.333,Perfect 4th,1034.408,"(0, 0)",0,1.0,Base Void,1.000
251,220001,"(2, 1)",7,1.875,Minor 7th,0.9625,"(2, 0)",4,1.333,Perfect 4th,4137.632,"(0, 0)",0,1.0,Base Void,1.000
252,001001,"(0, 1)",1,1.0,Unison,0.7,"(0, 0)",0,1.0,Base Void,48.500,"(1, 0)",3,1.25,Major 3rd,1.250
253,101001,"(1, 1)",5,1.5,Perfect 5th,0.85,"(0, 0)",0,1.0,Base Void,776.000,"(1, 0)",3,1.25,Major 3rd,1.250
254,201001,"(2, 1)",7,1.875,Minor 7th,0.9625,"(0, 0)",0,1.0,Base Void,3104.000,"(1, 0)",3,1.25,Major 3rd,1.250
255,011001,"(0, 1)",1,1.0,Unison,0.7,"(1, 0)",3,1.25,Major 3rd,60.625,"(1, 0)",3,1.25,Major 3rd,1.250
256,111001,"(1, 1)",5,1.5,Perfect 5th,0.85,"(1, 0)",3,1.25,Major 3rd,970.000,"(1, 0)",3,1.25,Major 3rd,1.250
257,211001,"(2, 1)",7,1.875,Minor 7th,0.9625,"(1, 0)",3,1.25,Major 3rd,3880.000,"(1, 0)",3,1.25,Major 3rd,1.250
258,021001,"(0, 1)",1,1.0,Unison,0.7,"(2, 0)",4,1.333,Perfect 4th,64.650,"(1, 0)",3,1.25,Major 3rd,1.250
259,121001,"(1, 1)",5,1.5,Perfect 5th,0.85,"(2, 0)",4,1.333,Perfect 4th,1034.408,"(1, 0)",3,1.25,Major 3rd,1.250
260,221001,"(2, 1)",7,1.875,Minor 7th,0.9625,"(2, 0)",4,1.333,Perfect 4th,4137.632,"(1, 0)",3,1.25,Major 3rd,1.250
261,002001,"(0, 1)",1,1.0,Unison,0.7,"(0, 0)",0,1.0,Base Void,48.500,"(2, 0)",4,1.333,Perfect 4th,1.333
262,102001,"(1, 1)",5,1.5,Perfect 5th,0.85,"(0, 0)",0,1.0,Base Void,776.000,"(2, 0)",4,1.333,Perfect 4th,1.333
263,202001,"(2, 1)",7,1.875,Minor 7th,0.9625,"(0, 0)",0,1.0,Base Void,3104.000,"(2, 0)",4,1.333,Perfect 4th,1.333
264,012001,"(0, 1)",1,1.0,Unison,0.7,"(1, 0)",3,1.25,Major 3rd,60.625,"(2, 0)",4,1.333,Perfect 4th,1.333
265,112001,"(1, 1)",5,1.5,Perfect 5th,0.85,"(1, 0)",3,1.25,Major 3rd,970.000,"(2, 0)",4,1.333,Perfect 4th,1.333
266,212001,"(2, 1)",7,1.875,Minor 7th,0.9625,"(1, 0)",3,1.25,Major 3rd,3880.000,"(2, 0)",4,1.333,Perfect 4th,1.333
267,022001,"(0, 1)",1,1.0,Unison,0.7,"(2, 0)",4,1.333,Perfect 4th,64.650,"(2, 0)",4,1.333,Perfect 4th,1.333
268,122001,"(1, 1)",5,1.5,Perfect 5th,0.85,"(2, 0)",4,1.333,Perfect 4th,1034.408,"(2, 0)",4,1.333,Perfect 4th,1.333
269,222001,"(2, 1)",7,1.875,Minor 7th,0.9625,"(2, 0)",4,1.333,Perfect 4th,4137.632,"(2, 0)",4,1.333,Perfect 4th,1.333
270,000101,"(0, 1)",1,1.0,Unison,0.7,"(0, 0)",0,1.0,Base Void,48.500,"(0, 1)",1,1.0,Unison,1.000
271,100101,"(1, 1)",5,1.5,Perfect 5th,0.85,"(0, 0)",0,1.0,Base Void,776.000,"(0, 1)",1,1.0,Unison,1.000
272,200101,"(2, 1)",7,1.875,Minor 7th,0.9625,"(0, 0)",0,1.0,Base Void,3104.000,"(0, 1)",1,1.0,Unison,1.000
273,010101,"(0, 1)",1,1.0,Unison,0.7,"(1, 0)",3,1.25,Major 3rd,60.625,"(0, 1)",1,1.0,Unison,1.000
274,110101,"(1, 1)",5,1.5,Perfect 5th,0.85,"(1, 0)",3,1.25,Major 3rd,970.000,"(0, 1)",1,1.0,Unison,1.000
275,210101,"(2, 1)",7,1.875,Minor 7th,0.9625,"(1, 0)",3,1.25,Major 3rd,3880.000,"(0, 1)",1,1.0,Unison,1.000
276,020101,"(0, 1)",1,1.0,Unison,0.7,"(2, 0)",4,1.333,Perfect 4th,64.650,"(0, 1)",1,1.0,Unison,1.000
277,120101,"(1, 1)",5,1.5,Perfect 5th,0.85,"(2, 0)",4,1.333,Perfect 4th,1034.408,"(0, 1)",1,1.0,Unison,1.000
278,220101,"(2, 1)",7,1.875,Minor 7th,0.9625,"(2, 0)",4,1.333,Perfect 4th,4137.632,"(0, 1)",1,1.0,Unison,1.000
279,001101,"(0, 1)",1,1.0,Unison,0.7,"(0, 0)",0,1.0,Base Void,48.500,"(1, 1)",5,1.5,Perfect 5th,1.500
280,101101,"(1, 1)",5,1.5,Perfect 5th,0.85,"(0, 0)",0,1.0,Base Void,776.000,"(1, 1)",5,1.5,Perfect 5th,1.500
281,201101,"(2, 1)",7,1.875,Minor 7th,0.9625,"(0, 0)",0,1.0,Base Void,3104.000,"(1, 1)",5,1.5,Perfect 5th,1.500
282,011101,"(0, 1)",1,1.0,Unison,0.7,"(1, 0)",3,1.25,Major 3rd,60.625,"(1, 1)",5,1.5,Perfect 5th,1.500
283,111101,"(1, 1)",5,1.5,Perfect 5th,0.85,"(1, 0)",3,1.25,Major 3rd,970.000,"(1, 1)",5,1.5,Perfect 5th,1.500
284,211101,"(2, 1)",7,1.875,Minor 7th,0.9625,"(1, 0)",3,1.25,Major 3rd,3880.000,"(1, 1)",5,1.5,Perfect 5th,1.500
285,021101,"(0, 1)",1,1.0,Unison,0.7,"(2, 0)",4,1.333,Perfect 4th,64.650,"(1, 1)",5,1.5,Perfect 5th,1.500
286,121101,"(1, 1)",5,1.5,Perfect 5th,0.85,"(2, 0)",4,1.333,Perfect 4th,1034.408,"(1, 1)",5,1.5,Perfect 5th,1.500
287,221101,"(2, 1)",7,1.875,Minor 7th,0.9625,"(2, 0)",4,1.333,Perfect 4th,4137.632,"(1, 1)",5,1.5,Perfect 5th,1.500
288,002101,"(0, 1)",1,1.0,Unison,0.7,"(0, 0)",0,1.0,Base Void,48.500,"(2, 1)",7,1.875,Minor 7th,1.875
289,102101,"(1, 1)",5,1.5,Perfect 5th,0.85,"(0, 0)",0,1.0,Base Void,776.000,"(2, 1)",7,1.875,Minor 7th,1.875
290,202101,"(2, 1)",7,1.875,Minor 7th,0.9625,"(0, 0)",0,1.0,Base Void,3104.000,"(2, 1)",7,1.875,Minor 7th,1.875
291,012101,"(0, 1)",1,1.0,Unison,0.7,"(1, 0)",3,1.25,Major 3rd,60.625,"(2, 1)",7,1.875,Minor 7th,1.875
292,112101,"(1, 1)",5,1.5,Perfect 5th,0.85,"(1, 0)",3,1.25,Major 3rd,970.000,"(2, 1)",7,1.875,Minor 7th,1.875
293,212101,"(2, 1)",7,1.875,Minor 7th,0.9625,"(1, 0)",3,1.25,Major 3rd,3880.000,"(2, 1)",7,1.875,Minor 7th,1.875
294,022101,"(0, 1)",1,1.0,Unison,0.7,"(2, 0)",4,1.333,Perfect 4th,64.650,"(2, 1)",7,1.875,Minor 7th,1.875
295,122101,"(1, 1)",5,1.5,Perfect 5th,0.85,"(2, 0)",4,1.333,Perfect 4th,1034.408,"(2, 1)",7,1.875,Minor 7th,1.875
296,222101,"(2, 1)",7,1.875,Minor 7th,0.9625,"(2, 0)",4,1.333,Perfect 4th,4137.632,"(2, 1)",7,1.875,Minor 7th,1.875
297,000201,"(0, 1)",1,1.0,Unison,0.7,"(0, 0)",0,1.0,Base Void,48.500,"(0, 2)",2,1.125,Major 2nd,1.125
298,100201,"(1, 1)",5,1.5,Perfect 5th,0.85,"(0, 0)",0,1.0,Base Void,776.000,"(0, 2)",2,1.125,Major 2nd,1.125
299,200201,"(2, 1)",7,1.875,Minor 7th,0.9625,"(0, 0)",0,1.0,Base Void,3104.000,"(0, 2)",2,1.125,Major 2nd,1.125
300,010201,"(0, 1)",1,1.0,Unison,0.7,"(1, 0)",3,1.25,Major 3rd,60.625,"(0, 2)",2,1.125,Major 2nd,1.125
301,110201,"(1, 1)",5,1.5,Perfect 5th,0.85,"(1, 0)",3,1.25,Major 3rd,970.000,"(0, 2)",2,1.125,Major 2nd,1.125
302,210201,"(2, 1)",7,1.875,Minor 7th,0.9625,"(1, 0)",3,1.25,Major 3rd,3880.000,"(0, 2)",2,1.125,Major 2nd,1.125
303,020201,"(0, 1)",1,1.0,Unison,0.7,"(2, 0)",4,1.333,Perfect 4th,64.650,"(0, 2)",2,1.125,Major 2nd,1.125
304,120201,"(1, 1)",5,1.5,Perfect 5th,0.85,"(2, 0)",4,1.333,Perfect 4th,1034.408,"(0, 2)",2,1.125,Major 2nd,1.125
305,220201,"(2, 1)",7,1.875,Minor 7th,0.9625,"(2, 0)",4,1.333,Perfect 4th,4137.632,"(0, 2)",2,1.125,Major 2nd,1.125
306,001201,"(0, 1)",1,1.0,Unison,0.7,"(0, 0)",0,1.0,Base Void,48.500,"(1, 2)",6,1.666,Major 6th,1.666
307,101201,"(1, 1)",5,1.5,Perfect 5th,0.85,"(0, 0)",0,1.0,Base Void,776.000,"(1, 2)",6,1.666,Major 6th,1.666
308,201201,"(2, 1)",7,1.875,Minor 7th,0.9625,"(0, 0)",0,1.0,Base Void,3104.000,"(1, 2)",6,1.666,Major 6th,1.666
309,011201,"(0, 1)",1,1.0,Unison,0.7,"(1, 0)",3,1.25,Major 3rd,60.625,"(1, 2)",6,1.666,Major 6th,1.666
310,111201,"(1, 1)",5,1.5,Perfect 5th,0.85,"(1, 0)",3,1.25,Major 3rd,970.000,"(1, 2)",6,1.666,Major 6th,1.666
311,211201,"(2, 1)",7,1.875,Minor 7th,0.9625,"(1, 0)",3,1.25,Major 3rd,3880.000,"(1, 2)",6,1.666,Major 6th,1.666
312,021201,"(0, 1)",1,1.0,Unison,0.7,"(2, 0)",4,1.333,Perfect 4th,64.650,"(1, 2)",6,1.666,Major 6th,1.666
313,121201,"(1, 1)",5,1.5,Perfect 5th,0.85,"(2, 0)",4,1.333,Perfect 4th,1034.408,"(1, 2)",6,1.666,Major 6th,1.666
314,221201,"(2, 1)",7,1.875,Minor 7th,0.9625,"(2, 0)",4,1.333,Perfect 4th,4137.632,"(1, 2)",6,1.666,Major 6th,1.666
315,002201,"(0, 1)",1,1.0,Unison,0.7,"(0, 0)",0,1.0,Base Void,48.500,"(2, 2)",8,2.0,Octave,2.000
316,102201,"(1, 1)",5,1.5,Perfect 5th,0.85,"(0, 0)",0,1.0,Base Void,776.000,"(2, 2)",8,2.0,Octave,2.000
317,202201,"(2, 1)",7,1.875,Minor 7th,0.9625,"(0, 0)",0,1.0,Base Void,3104.000,"(2, 2)",8,2.0,Octave,2.000
318,012201,"(0, 1)",1,1.0,Unison,0.7,"(1, 0)",3,1.25,Major 3rd,60.625,"(2, 2)",8,2.0,Octave,2.000
319,112201,"(1, 1)",5,1.5,Perfect 5th,0.85,"(1, 0)",3,1.25,Major 3rd,970.000,"(2, 2)",8,2.0,Octave,2.000
320,212201,"(2, 1)",7,1.875,Minor 7th,0.9625,"(1, 0)",3,1.25,Major 3rd,3880.000,"(2, 2)",8,2.0,Octave,2.000
321,022201,"(0, 1)",1,1.0,Unison,0.7,"(2, 0)",4,1.333,Perfect 4th,64.650,"(2, 2)",8,2.0,Octave,2.000
322,122201,"(1, 1)",5,1.5,Perfect 5th,0.85,"(2, 0)",4,1.333,Perfect 4th,1034.408,"(2, 2)",8,2.0,Octave,2.000
323,222201,"(2, 1)",7,1.875,Minor 7th,0.9625,"(2, 0)",4,1.333,Perfect 4th,4137.632,"(2, 2)",8,2.0,Octave,2.000
324,000011,"(0, 1)",1,1.0,Unison,0.7,"(0, 1)",1,1.0,Unison,48.500,"(0, 0)",0,1.0,Base Void,1.000
325,100011,"(1, 1)",5,1.5,Perfect 5th,0.85,"(0, 1)",1,1.0,Unison,776.000,"(0, 0)",0,1.0,Base Void,1.000
326,200011,"(2, 1)",7,1.875,Minor 7th,0.9625,"(0, 1)",1,1.0,Unison,3104.000,"(0, 0)",0,1.0,Base Void,1.000
327,010011,"(0, 1)",1,1.0,Unison,0.7,"(1, 1)",5,1.5,Perfect 5th,72.750,"(0, 0)",0,1.0,Base Void,1.000
328,110011,"(1, 1)",5,1.5,Perfect 5th,0.85,"(1, 1)",5,1.5,Perfect 5th,1164.000,"(0, 0)",0,1.0,Base Void,1.000
329,210011,"(2, 1)",7,1.875,Minor 7th,0.9625,"(1, 1)",5,1.5,Perfect 5th,4656.000,"(0, 0)",0,1.0,Base Void,1.000
330,020011,"(0, 1)",1,1.0,Unison,0.7,"(2, 1)",7,1.875,Minor 7th,90.938,"(0, 0)",0,1.0,Base Void,1.000
331,120011,"(1, 1)",5,1.5,Perfect 5th,0.85,"(2, 1)",7,1.875,Minor 7th,1455.000,"(0, 0)",0,1.0,Base Void,1.000
332,220011,"(2, 1)",7,1.875,Minor 7th,0.9625,"(2, 1)",7,1.875,Minor 7th,5820.000,"(0, 0)",0,1.0,Base Void,1.000
333,001011,"(0, 1)",1,1.0,Unison,0.7,"(0, 1)",1,1.0,Unison,48.500,"(1, 0)",3,1.25,Major 3rd,1.250
334,101011,"(1, 1)",5,1.5,Perfect 5th,0.85,"(0, 1)",1,1.0,Unison,776.000,"(1, 0)",3,1.25,Major 3rd,1.250
335,201011,"(2, 1)",7,1.875,Minor 7th,0.9625,"(0, 1)",1,1.0,Unison,3104.000,"(1, 0)",3,1.25,Major 3rd,1.250
336,011011,"(0, 1)",1,1.0,Unison,0.7,"(1, 1)",5,1.5,Perfect 5th,72.750,"(1, 0)",3,1.25,Major 3rd,1.250
337,111011,"(1, 1)",5,1.5,Perfect 5th,0.85,"(1, 1)",5,1.5,Perfect 5th,1164.000,"(1, 0)",3,1.25,Major 3rd,1.250
338,211011,"(2, 1)",7,1.875,Minor 7th,0.9625,"(1, 1)",5,1.5,Perfect 5th,4656.000,"(1, 0)",3,1.25,Major 3rd,1.250
339,021011,"(0, 1)",1,1.0,Unison,0.7,"(2, 1)",7,1.875,Minor 7th,90.938,"(1, 0)",3,1.25,Major 3rd,1.250
340,121011,"(1, 1)",5,1.5,Perfect 5th,0.85,"(2, 1)",7,1.875,Minor 7th,1455.000,"(1, 0)",3,1.25,Major 3rd,1.250
341,221011,"(2, 1)",7,1.875,Minor 7th,0.9625,"(2, 1)",7,1.875,Minor 7th,5820.000,"(1, 0)",3,1.25,Major 3rd,1.250
342,002011,"(0, 1)",1,1.0,Unison,0.7,"(0, 1)",1,1.0,Unison,48.500,"(2, 0)",4,1.333,Perfect 4th,1.333
343,102011,"(1, 1)",5,1.5,Perfect 5th,0.85,"(0, 1)",1,1.0,Unison,776.000,"(2, 0)",4,1.333,Perfect 4th,1.333
344,202011,"(2, 1)",7,1.875,Minor 7th,0.9625,"(0, 1)",1,1.0,Unison,3104.000,"(2, 0)",4,1.333,Perfect 4th,1.333
345,012011,"(0, 1)",1,1.0,Unison,0.7,"(1, 1)",5,1.5,Perfect 5th,72.750,"(2, 0)",4,1.333,Perfect 4th,1.333
346,112011,"(1, 1)",5,1.5,Perfect 5th,0.85,"(1, 1)",5,1.5,Perfect 5th,1164.000,"(2, 0)",4,1.333,Perfect 4th,1.333
347,212011,"(2, 1)",7,1.875,Minor 7th,0.9625,"(1, 1)",5,1.5,Perfect 5th,4656.000,"(2, 0)",4,1.333,Perfect 4th,1.333
348,022011,"(0, 1)",1,1.0,Unison,0.7,"(2, 1)",7,1.875,Minor 7th,90.938,"(2, 0)",4,1.333,Perfect 4th,1.333
349,122011,"(1, 1)",5,1.5,Perfect 5th,0.85,"(2, 1)",7,1.875,Minor 7th,1455.000,"(2, 0)",4,1.333,Perfect 4th,1.333
350,222011,"(2, 1)",7,1.875,Minor 7th,0.9625,"(2, 1)",7,1.875,Minor 7th,5820.000,"(2, 0)",4,1.333,Perfect 4th,1.333
351,000111,"(0, 1)",1,1.0,Unison,0.7,"(0, 1)",1,1.0,Unison,48.500,"(0, 1)",1,1.0,Unison,1.000
352,100111,"(1, 1)",5,1.5,Perfect 5th,0.85,"(0, 1)",1,1.0,Unison,776.000,"(0, 1)",1,1.0,Unison,1.000
353,200111,"(2, 1)",7,1.875,Minor 7th,0.9625,"(0, 1)",1,1.0,Unison,3104.000,"(0, 1)",1,1.0,Unison,1.000
354,010111,"(0, 1)",1,1.0,Unison,0.7,"(1, 1)",5,1.5,Perfect 5th,72.750,"(0, 1)",1,1.0,Unison,1.000
355,110111,"(1, 1)",5,1.5,Perfect 5th,0.85,"(1, 1)",5,1.5,Perfect 5th,1164.000,"(0, 1)",1,1.0,Unison,1.000
356,210111,"(2, 1)",7,1.875,Minor 7th,0.9625,"(1, 1)",5,1.5,Perfect 5th,4656.000,"(0, 1)",1,1.0,Unison,1.000
357,020111,"(0, 1)",1,1.0,Unison,0.7,"(2, 1)",7,1.875,Minor 7th,90.938,"(0, 1)",1,1.0,Unison,1.000
358,120111,"(1, 1)",5,1.5,Perfect 5th,0.85,"(2, 1)",7,1.875,Minor 7th,1455.000,"(0, 1)",1,1.0,Unison,1.000
359,220111,"(2, 1)",7,1.875,Minor 7th,0.9625,"(2, 1)",7,1.875,Minor 7th,5820.000,"(0, 1)",1,1.0,Unison,1.000
360,001111,"(0, 1)",1,1.0,Unison,0.7,"(0, 1)",1,1.0,Unison,48.500,"(1, 1)",5,1.5,Perfect 5th,1.500
361,101111,"(1, 1)",5,1.5,Perfect 5th,0.85,"(0, 1)",1,1.0,Unison,776.000,"(1, 1)",5,1.5,Perfect 5th,1.500
362,201111,"(2, 1)",7,1.875,Minor 7th,0.9625,"(0, 1)",1,1.0,Unison,3104.000,"(1, 1)",5,1.5,Perfect 5th,1.500
363,011111,"(0, 1)",1,1.0,Unison,0.7,"(1, 1)",5,1.5,Perfect 5th,72.750,"(1, 1)",5,1.5,Perfect 5th,1.500
364,111111,"(1, 1)",5,1.5,Perfect 5th,0.85,"(1, 1)",5,1.5,Perfect 5th,1164.000,"(1, 1)",5,1.5,Perfect 5th,1.500
365,211111,"(2, 1)",7,1.875,Minor 7th,0.9625,"(1, 1)",5,1.5,Perfect 5th,4656.000,"(1, 1)",5,1.5,Perfect 5th,1.500
366,021111,"(0, 1)",1,1.0,Unison,0.7,"(2, 1)",7,1.875,Minor 7th,90.938,"(1, 1)",5,1.5,Perfect 5th,1.500
367,121111,"(1, 1)",5,1.5,Perfect 5th,0.85,"(2, 1)",7,1.875,Minor 7th,1455.000,"(1, 1)",5,1.5,Perfect 5th,1.500
368,221111,"(2, 1)",7,1.875,Minor 7th,0.9625,"(2, 1)",7,1.875,Minor 7th,5820.000,"(1, 1)",5,1.5,Perfect 5th,1.500
369,002111,"(0, 1)",1,1.0,Unison,0.7,"(0, 1)",1,1.0,Unison,48.500,"(2, 1)",7,1.875,Minor 7th,1.875
370,102111,"(1, 1)",5,1.5,Perfect 5th,0.85,"(0, 1)",1,1.0,Unison,776.000,"(2, 1)",7,1.875,Minor 7th,1.875
371,202111,"(2, 1)",7,1.875,Minor 7th,0.9625,"(0, 1)",1,1.0,Unison,3104.000,"(2, 1)",7,1.875,Minor 7th,1.875
372,012111,"(0, 1)",1,1.0,Unison,0.7,"(1, 1)",5,1.5,Perfect 5th,72.750,"(2, 1)",7,1.875,Minor 7th,1.875
373,112111,"(1, 1)",5,1.5,Perfect 5th,0.85,"(1, 1)",5,1.5,Perfect 5th,1164.000,"(2, 1)",7,1.875,Minor 7th,1.875
374,212111,"(2, 1)",7,1.875,Minor 7th,0.9625,"(1, 1)",5,1.5,Perfect 5th,4656.000,"(2, 1)",7,1.875,Minor 7th,1.875
375,022111,"(0, 1)",1,1.0,Unison,0.7,"(2, 1)",7,1.875,Minor 7th,90.938,"(2, 1)",7,1.875,Minor 7th,1.875
376,122111,"(1, 1)",5,1.5,Perfect 5th,0.85,"(2, 1)",7,1.875,Minor 7th,1455.000,"(2, 1)",7,1.875,Minor 7th,1.875
377,222111,"(2, 1)",7,1.875,Minor 7th,0.9625,"(2, 1)",7,1.875,Minor 7th,5820.000,"(2, 1)",7,1.875,Minor 7th,1.875
378,000211,"(0, 1)",1,1.0,Unison,0.7,"(0, 1)",1,1.0,Unison,48.500,"(0, 2)",2,1.125,Major 2nd,1.125
379,100211,"(1, 1)",5,1.5,Perfect 5th,0.85,"(0, 1)",1,1.0,Unison,776.000,"(0, 2)",2,1.125,Major 2nd,1.125
380,200211,"(2, 1)",7,1.875,Minor 7th,0.9625,"(0, 1)",1,1.0,Unison,3104.000,"(0, 2)",2,1.125,Major 2nd,1.125
381,010211,"(0, 1)",1,1.0,Unison,0.7,"(1, 1)",5,1.5,Perfect 5th,72.750,"(0, 2)",2,1.125,Major 2nd,1.125
382,110211,"(1, 1)",5,1.5,Perfect 5th,0.85,"(1, 1)",5,1.5,Perfect 5th,1164.000,"(0, 2)",2,1.125,Major 2nd,1.125
383,210211,"(2, 1)",7,1.875,Minor 7th,0.9625,"(1, 1)",5,1.5,Perfect 5th,4656.000,"(0, 2)",2,1.125,Major 2nd,1.125
384,020211,"(0, 1)",1,1.0,Unison,0.7,"(2, 1)",7,1.875,Minor 7th,90.938,"(0, 2)",2,1.125,Major 2nd,1.125
385,120211,"(1, 1)",5,1.5,Perfect 5th,0.85,"(2, 1)",7,1.875,Minor 7th,1455.000,"(0, 2)",2,1.125,Major 2nd,1.125
386,220211,"(2, 1)",7,1.875,Minor 7th,0.9625,"(2, 1)",7,1.875,Minor 7th,5820.000,"(0, 2)",2,1.125,Major 2nd,1.125
387,001211,"(0, 1)",1,1.0,Unison,0.7,"(0, 1)",1,1.0,Unison,48.500,"(1, 2)",6,1.666,Major 6th,1.666
388,101211,"(1, 1)",5,1.5,Perfect 5th,0.85,"(0, 1)",1,1.0,Unison,776.000,"(1, 2)",6,1.666,Major 6th,1.666
389,201211,"(2, 1)",7,1.875,Minor 7th,0.9625,"(0, 1)",1,1.0,Unison,3104.000,"(1, 2)",6,1.666,Major 6th,1.666
390,011211,"(0, 1)",1,1.0,Unison,0.7,"(1, 1)",5,1.5,Perfect 5th,72.750,"(1, 2)",6,1.666,Major 6th,1.666
391,111211,"(1, 1)",5,1.5,Perfect 5th,0.85,"(1, 1)",5,1.5,Perfect 5th,1164.000,"(1, 2)",6,1.666,Major 6th,1.666
392,211211,"(2, 1)",7,1.875,Minor 7th,0.9625,"(1, 1)",5,1.5,Perfect 5th,4656.000,"(1, 2)",6,1.666,Major 6th,1.666
393,021211,"(0, 1)",1,1.0,Unison,0.7,"(2, 1)",7,1.875,Minor 7th,90.938,"(1, 2)",6,1.666,Major 6th,1.666
394,121211,"(1, 1)",5,1.5,Perfect 5th,0.85,"(2, 1)",7,1.875,Minor 7th,1455.000,"(1, 2)",6,1.666,Major 6th,1.666
395,221211,"(2, 1)",7,1.875,Minor 7th,0.9625,"(2, 1)",7,1.875,Minor 7th,5820.000,"(1, 2)",6,1.666,Major 6th,1.666
396,002211,"(0, 1)",1,1.0,Unison,0.7,"(0, 1)",1,1.0,Unison,48.500,"(2, 2)",8,2.0,Octave,2.000
397,102211,"(1, 1)",5,1.5,Perfect 5th,0.85,"(0, 1)",1,1.0,Unison,776.000,"(2, 2)",8,2.0,Octave,2.000
398,202211,"(2, 1)",7,1.875,Minor 7th,0.9625,"(0, 1)",1,1.0,Unison,3104.000,"(2, 2)",8,2.0,Octave,2.000
399,012211,"(0, 1)",1,1.0,Unison,0.7,"(1, 1)",5,1.5,Perfect 5th,72.750,"(2, 2)",8,2.0,Octave,2.000
400,112211,"(1, 1)",5,1.5,Perfect 5th,0.85,"(1, 1)",5,1.5,Perfect 5th,1164.000,"(2, 2)",8,2.0,Octave,2.000
401,212211,"(2, 1)",7,1.875,Minor 7th,0.9625,"(1, 1)",5,1.5,Perfect 5th,4656.000,"(2, 2)",8,2.0,Octave,2.000
402,022211,"(0, 1)",1,1.0,Unison,0.7,"(2, 1)",7,1.875,Minor 7th,90.938,"(2, 2)",8,2.0,Octave,2.000
403,122211,"(1, 1)",5,1.5,Perfect 5th,0.85,"(2, 1)",7,1.875,Minor 7th,1455.000,"(2, 2)",8,2.0,Octave,2.000
404,222211,"(2, 1)",7,1.875,Minor 7th,0.9625,"(2, 1)",7,1.875,Minor 7th,5820.000,"(2, 2)",8,2.0,Octave,2.000
405,000021,"(0, 1)",1,1.0,Unison,0.7,"(0, 2)",2,1.125,Major 2nd,54.562,"(0, 0)",0,1.0,Base Void,1.000
406,100021,"(1, 1)",5,1.5,Perfect 5th,0.85,"(0, 2)",2,1.125,Major 2nd,873.000,"(0, 0)",0,1.0,Base Void,1.000
407,200021,"(2, 1)",7,1.875,Minor 7th,0.9625,"(0, 2)",2,1.125,Major 2nd,3492.000,"(0, 0)",0,1.0,Base Void,1.000
408,010021,"(0, 1)",1,1.0,Unison,0.7,"(1, 2)",6,1.666,Major 6th,80.801,"(0, 0)",0,1.0,Base Void,1.000
409,110021,"(1, 1)",5,1.5,Perfect 5th,0.85,"(1, 2)",6,1.666,Major 6th,1292.816,"(0, 0)",0,1.0,Base Void,1.000
410,210021,"(2, 1)",7,1.875,Minor 7th,0.9625,"(1, 2)",6,1.666,Major 6th,5171.264,"(0, 0)",0,1.0,Base Void,1.000
411,020021,"(0, 1)",1,1.0,Unison,0.7,"(2, 2)",8,2.0,Octave,97.000,"(0, 0)",0,1.0,Base Void,1.000
412,120021,"(1, 1)",5,1.5,Perfect 5th,0.85,"(2, 2)",8,2.0,Octave,1552.000,"(0, 0)",0,1.0,Base Void,1.000
413,220021,"(2, 1)",7,1.875,Minor 7th,0.9625,"(2, 2)",8,2.0,Octave,6208.000,"(0, 0)",0,1.0,Base Void,1.000
414,001021,"(0, 1)",1,1.0,Unison,0.7,"(0, 2)",2,1.125,Major 2nd,54.562,"(1, 0)",3,1.25,Major 3rd,1.250
415,101021,"(1, 1)",5,1.5,Perfect 5th,0.85,"(0, 2)",2,1.125,Major 2nd,873.000,"(1, 0)",3,1.25,Major 3rd,1.250
416,201021,"(2, 1)",7,1.875,Minor 7th,0.9625,"(0, 2)",2,1.125,Major 2nd,3492.000,"(1, 0)",3,1.25,Major 3rd,1.250
417,011021,"(0, 1)",1,1.0,Unison,0.7,"(1, 2)",6,1.666,Major 6th,80.801,"(1, 0)",3,1.25,Major 3rd,1.250
418,111021,"(1, 1)",5,1.5,Perfect 5th,0.85,"(1, 2)",6,1.666,Major 6th,1292.816,"(1, 0)",3,1.25,Major 3rd,1.250
419,211021,"(2, 1)",7,1.875,Minor 7th,0.9625,"(1, 2)",6,1.666,Major 6th,5171.264,"(1, 0)",3,1.25,Major 3rd,1.250
420,021021,"(0, 1)",1,1.0,Unison,0.7,"(2, 2)",8,2.0,Octave,97.000,"(1, 0)",3,1.25,Major 3rd,1.250
421,121021,"(1, 1)",5,1.5,Perfect 5th,0.85,"(2, 2)",8,2.0,Octave,1552.000,"(1, 0)",3,1.25,Major 3rd,1.250
422,221021,"(2, 1)",7,1.875,Minor 7th,0.9625,"(2, 2)",8,2.0,Octave,6208.000,"(1, 0)",3,1.25,Major 3rd,1.250
423,002021,"(0, 1)",1,1.0,Unison,0.7,"(0, 2)",2,1.125,Major 2nd,54.562,"(2, 0)",4,1.333,Perfect 4th,1.333
424,102021,"(1, 1)",5,1.5,Perfect 5th,0.85,"(0, 2)",2,1.125,Major 2nd,873.000,"(2, 0)",4,1.333,Perfect 4th,1.333
425,202021,"(2, 1)",7,1.875,Minor 7th,0.9625,"(0, 2)",2,1.125,Major 2nd,3492.000,"(2, 0)",4,1.333,Perfect 4th,1.333
426,012021,"(0, 1)",1,1.0,Unison,0.7,"(1, 2)",6,1.666,Major 6th,80.801,"(2, 0)",4,1.333,Perfect 4th,1.333
427,112021,"(1, 1)",5,1.5,Perfect 5th,0.85,"(1, 2)",6,1.666,Major 6th,1292.816,"(2, 0)",4,1.333,Perfect 4th,1.333
428,212021,"(2, 1)",7,1.875,Minor 7th,0.9625,"(1, 2)",6,1.666,Major 6th,5171.264,"(2, 0)",4,1.333,Perfect 4th,1.333
429,022021,"(0, 1)",1,1.0,Unison,0.7,"(2, 2)",8,2.0,Octave,97.000,"(2, 0)",4,1.333,Perfect 4th,1.333
430,122021,"(1, 1)",5,1.5,Perfect 5th,0.85,"(2, 2)",8,2.0,Octave,1552.000,"(2, 0)",4,1.333,Perfect 4th,1.333
431,222021,"(2, 1)",7,1.875,Minor 7th,0.9625,"(2, 2)",8,2.0,Octave,6208.000,"(2, 0)",4,1.333,Perfect 4th,1.333
432,000121,"(0, 1)",1,1.0,Unison,0.7,"(0, 2)",2,1.125,Major 2nd,54.562,"(0, 1)",1,1.0,Unison,1.000
433,100121,"(1, 1)",5,1.5,Perfect 5th,0.85,"(0, 2)",2,1.125,Major 2nd,873.000,"(0, 1)",1,1.0,Unison,1.000
434,200121,"(2, 1)",7,1.875,Minor 7th,0.9625,"(0, 2)",2,1.125,Major 2nd,3492.000,"(0, 1)",1,1.0,Unison,1.000
435,010121,"(0, 1)",1,1.0,Unison,0.7,"(1, 2)",6,1.666,Major 6th,80.801,"(0, 1)",1,1.0,Unison,1.000
436,110121,"(1, 1)",5,1.5,Perfect 5th,0.85,"(1, 2)",6,1.666,Major 6th,1292.816,"(0, 1)",1,1.0,Unison,1.000
437,210121,"(2, 1)",7,1.875,Minor 7th,0.9625,"(1, 2)",6,1.666,Major 6th,5171.264,"(0, 1)",1,1.0,Unison,1.000
438,020121,"(0, 1)",1,1.0,Unison,0.7,"(2, 2)",8,2.0,Octave,97.000,"(0, 1)",1,1.0,Unison,1.000
439,120121,"(1, 1)",5,1.5,Perfect 5th,0.85,"(2, 2)",8,2.0,Octave,1552.000,"(0, 1)",1,1.0,Unison,1.000
440,220121,"(2, 1)",7,1.875,Minor 7th,0.9625,"(2, 2)",8,2.0,Octave,6208.000,"(0, 1)",1,1.0,Unison,1.000
441,001121,"(0, 1)",1,1.0,Unison,0.7,"(0, 2)",2,1.125,Major 2nd,54.562,"(1, 1)",5,1.5,Perfect 5th,1.500
442,101121,"(1, 1)",5,1.5,Perfect 5th,0.85,"(0, 2)",2,1.125,Major 2nd,873.000,"(1, 1)",5,1.5,Perfect 5th,1.500
443,201121,"(2, 1)",7,1.875,Minor 7th,0.9625,"(0, 2)",2,1.125,Major 2nd,3492.000,"(1, 1)",5,1.5,Perfect 5th,1.500
444,011121,"(0, 1)",1,1.0,Unison,0.7,"(1, 2)",6,1.666,Major 6th,80.801,"(1, 1)",5,1.5,Perfect 5th,1.500
445,111121,"(1, 1)",5,1.5,Perfect 5th,0.85,"(1, 2)",6,1.666,Major 6th,1292.816,"(1, 1)",5,1.5,Perfect 5th,1.500
446,211121,"(2, 1)",7,1.875,Minor 7th,0.9625,"(1, 2)",6,1.666,Major 6th,5171.264,"(1, 1)",5,1.5,Perfect 5th,1.500
447,021121,"(0, 1)",1,1.0,Unison,0.7,"(2, 2)",8,2.0,Octave,97.000,"(1, 1)",5,1.5,Perfect 5th,1.500
448,121121,"(1, 1)",5,1.5,Perfect 5th,0.85,"(2, 2)",8,2.0,Octave,1552.000,"(1, 1)",5,1.5,Perfect 5th,1.500
449,221121,"(2, 1)",7,1.875,Minor 7th,0.9625,"(2, 2)",8,2.0,Octave,6208.000,"(1, 1)",5,1.5,Perfect 5th,1.500
450,002121,"(0, 1)",1,1.0,Unison,0.7,"(0, 2)",2,1.125,Major 2nd,54.562,"(2, 1)",7,1.875,Minor 7th,1.875
451,102121,"(1, 1)",5,1.5,Perfect 5th,0.85,"(0, 2)",2,1.125,Major 2nd,873.000,"(2, 1)",7,1.875,Minor 7th,1.875
452,202121,"(2, 1)",7,1.875,Minor 7th,0.9625,"(0, 2)",2,1.125,Major 2nd,3492.000,"(2, 1)",7,1.875,Minor 7th,1.875
453,012121,"(0, 1)",1,1.0,Unison,0.7,"(1, 2)",6,1.666,Major 6th,80.801,"(2, 1)",7,1.875,Minor 7th,1.875
454,112121,"(1, 1)",5,1.5,Perfect 5th,0.85,"(1, 2)",6,1.666,Major 6th,1292.816,"(2, 1)",7,1.875,Minor 7th,1.875
455,212121,"(2, 1)",7,1.875,Minor 7th,0.9625,"(1, 2)",6,1.666,Major 6th,5171.264,"(2, 1)",7,1.875,Minor 7th,1.875
456,022121,"(0, 1)",1,1.0,Unison,0.7,"(2, 2)",8,2.0,Octave,97.000,"(2, 1)",7,1.875,Minor 7th,1.875
457,122121,"(1, 1)",5,1.5,Perfect 5th,0.85,"(2, 2)",8,2.0,Octave,1552.000,"(2, 1)",7,1.875,Minor 7th,1.875
458,222121,"(2, 1)",7,1.875,Minor 7th,0.9625,"(2, 2)",8,2.0,Octave,6208.000,"(2, 1)",7,1.875,Minor 7th,1.875
459,000221,"(0, 1)",1,1.0,Unison,0.7,"(0, 2)",2,1.125,Major 2nd,54.562,"(0, 2)",2,1.125,Major 2nd,1.125
460,100221,"(1, 1)",5,1.5,Perfect 5th,0.85,"(0, 2)",2,1.125,Major 2nd,873.000,"(0, 2)",2,1.125,Major 2nd,1.125
461,200221,"(2, 1)",7,1.875,Minor 7th,0.9625,"(0, 2)",2,1.125,Major 2nd,3492.000,"(0, 2)",2,1.125,Major 2nd,1.125
462,010221,"(0, 1)",1,1.0,Unison,0.7,"(1, 2)",6,1.666,Major 6th,80.801,"(0, 2)",2,1.125,Major 2nd,1.125
463,110221,"(1, 1)",5,1.5,Perfect 5th,0.85,"(1, 2)",6,1.666,Major 6th,1292.816,"(0, 2)",2,1.125,Major 2nd,1.125
464,210221,"(2, 1)",7,1.875,Minor 7th,0.9625,"(1, 2)",6,1.666,Major 6th,5171.264,"(0, 2)",2,1.125,Major 2nd,1.125
465,020221,"(0, 1)",1,1.0,Unison,0.7,"(2, 2)",8,2.0,Octave,97.000,"(0, 2)",2,1.125,Major 2nd,1.125
466,120221,"(1, 1)",5,1.5,Perfect 5th,0.85,"(2, 2)",8,2.0,Octave,1552.000,"(0, 2)",2,1.125,Major 2nd,1.125
467,220221,"(2, 1)",7,1.875,Minor 7th,0.9625,"(2, 2)",8,2.0,Octave,6208.000,"(0, 2)",2,1.125,Major 2nd,1.125
468,001221,"(0, 1)",1,1.0,Unison,0.7,"(0, 2)",2,1.125,Major 2nd,54.562,"(1, 2)",6,1.666,Major 6th,1.666
469,101221,"(1, 1)",5,1.5,Perfect 5th,0.85,"(0, 2)",2,1.125,Major 2nd,873.000,"(1, 2)",6,1.666,Major 6th,1.666
470,201221,"(2, 1)",7,1.875,Minor 7th,0.9625,"(0, 2)",2,1.125,Major 2nd,3492.000,"(1, 2)",6,1.666,Major 6th,1.666
471,011221,"(0, 1)",1,1.0,Unison,0.7,"(1, 2)",6,1.666,Major 6th,80.801,"(1, 2)",6,1.666,Major 6th,1.666
472,111221,"(1, 1)",5,1.5,Perfect 5th,0.85,"(1, 2)",6,1.666,Major 6th,1292.816,"(1, 2)",6,1.666,Major 6th,1.666
473,211221,"(2, 1)",7,1.875,Minor 7th,0.9625,"(1, 2)",6,1.666,Major 6th,5171.264,"(1, 2)",6,1.666,Major 6th,1.666
474,021221,"(0, 1)",1,1.0,Unison,0.7,"(2, 2)",8,2.0,Octave,97.000,"(1, 2)",6,1.666,Major 6th,1.666
475,121221,"(1, 1)",5,1.5,Perfect 5th,0.85,"(2, 2)",8,2.0,Octave,1552.000,"(1, 2)",6,1.666,Major 6th,1.666
476,221221,"(2, 1)",7,1.875,Minor 7th,0.9625,"(2, 2)",8,2.0,Octave,6208.000,"(1, 2)",6,1.666,Major 6th,1.666
477,002221,"(0, 1)",1,1.0,Unison,0.7,"(0, 2)",2,1.125,Major 2nd,54.562,"(2, 2)",8,2.0,Octave,2.000
478,102221,"(1, 1)",5,1.5,Perfect 5th,0.85,"(0, 2)",2,1.125,Major 2nd,873.000,"(2, 2)",8,2.0,Octave,2.000
479,202221,"(2, 1)",7,1.875,Minor 7th,0.9625,"(0, 2)",2,1.125,Major 2nd,3492.000,"(2, 2)",8,2.0,Octave,2.000
480,012221,"(0, 1)",1,1.0,Unison,0.7,"(1, 2)",6,1.666,Major 6th,80.801,"(2, 2)",8,2.0,Octave,2.000
481,112221,"(1, 1)",5,1.5,Perfect 5th,0.85,"(1, 2)",6,1.666,Major 6th,1292.816,"(2, 2)",8,2.0,Octave,2.000
482,212221,"(2, 1)",7,1.875,Minor 7th,0.9625,"(1, 2)",6,1.666,Major 6th,5171.264,"(2, 2)",8,2.0,Octave,2.000
483,022221,"(0, 1)",1,1.0,Unison,0.7,"(2, 2)",8,2.0,Octave,97.000,"(2, 2)",8,2.0,Octave,2.000
484,122221,"(1, 1)",5,1.5,Perfect 5th,0.85,"(2, 2)",8,2.0,Octave,1552.000,"(2, 2)",8,2.0,Octave,2.000
485,222221,"(2, 1)",7,1.875,Minor 7th,0.9625,"(2, 2)",8,2.0,Octave,6208.000,"(2, 2)",8,2.0,Octave,2.000
486,000002,"(0, 2)",2,1.125,Major 2nd,0.7375,"(0, 0)",0,1.0,Base Void,97.000,"(0, 0)",0,1.0,Base Void,1.000
487,100002,"(1, 2)",6,1.666,Major 6th,0.8997999999999999,"(0, 0)",0,1.0,Base Void,1552.000,"(0, 0)",0,1.0,Base Void,1.000
488,200002,"(2, 2)",8,2.0,Octave,1.0,"(0, 0)",0,1.0,Base Void,6208.000,"(0, 0)",0,1.0,Base Void,1.000
489,010002,"(0, 2)",2,1.125,Major 2nd,0.7375,"(1, 0)",3,1.25,Major 3rd,121.250,"(0, 0)",0,1.0,Base Void,1.000
490,110002,"(1, 2)",6,1.666,Major 6th,0.8997999999999999,"(1, 0)",3,1.25,Major 3rd,1940.000,"(0, 0)",0,1.0,Base Void,1.000
491,210002,"(2, 2)",8,2.0,Octave,1.0,"(1, 0)",3,1.25,Major 3rd,7760.000,"(0, 0)",0,1.0,Base Void,1.000
492,020002,"(0, 2)",2,1.125,Major 2nd,0.7375,"(2, 0)",4,1.333,Perfect 4th,129.301,"(0, 0)",0,1.0,Base Void,1.000
493,120002,"(1, 2)",6,1.666,Major 6th,0.8997999999999999,"(2, 0)",4,1.333,Perfect 4th,2068.816,"(0, 0)",0,1.0,Base Void,1.000
494,220002,"(2, 2)",8,2.0,Octave,1.0,"(2, 0)",4,1.333,Perfect 4th,8275.264,"(0, 0)",0,1.0,Base Void,1.000
495,001002,"(0, 2)",2,1.125,Major 2nd,0.7375,"(0, 0)",0,1.0,Base Void,97.000,"(1, 0)",3,1.25,Major 3rd,1.250
496,101002,"(1, 2)",6,1.666,Major 6th,0.8997999999999999,"(0, 0)",0,1.0,Base Void,1552.000,"(1, 0)",3,1.25,Major 3rd,1.250
497,201002,"(2, 2)",8,2.0,Octave,1.0,"(0, 0)",0,1.0,Base Void,6208.000,"(1, 0)",3,1.25,Major 3rd,1.250
498,011002,"(0, 2)",2,1.125,Major 2nd,0.7375,"(1, 0)",3,1.25,Major 3rd,121.250,"(1, 0)",3,1.25,Major 3rd,1.250
499,111002,"(1, 2)",6,1.666,Major 6th,0.8997999999999999,"(1, 0)",3,1.25,Major 3rd,1940.000,"(1, 0)",3,1.25,Major 3rd,1.250
500,211002,"(2, 2)",8,2.0,Octave,1.0,"(1, 0)",3,1.25,Major 3rd,7760.000,"(1, 0)",3,1.25,Major 3rd,1.250
501,021002,"(0, 2)",2,1.125,Major 2nd,0.7375,"(2, 0)",4,1.333,Perfect 4th,129.301,"(1, 0)",3,1.25,Major 3rd,1.250
502,121002,"(1, 2)",6,1.666,Major 6th,0.8997999999999999,"(2, 0)",4,1.333,Perfect 4th,2068.816,"(1, 0)",3,1.25,Major 3rd,1.250
503,221002,"(2, 2)",8,2.0,Octave,1.0,"(2, 0)",4,1.333,Perfect 4th,8275.264,"(1, 0)",3,1.25,Major 3rd,1.250
504,002002,"(0, 2)",2,1.125,Major 2nd,0.7375,"(0, 0)",0,1.0,Base Void,97.000,"(2, 0)",4,1.333,Perfect 4th,1.333
505,102002,"(1, 2)",6,1.666,Major 6th,0.8997999999999999,"(0, 0)",0,1.0,Base Void,1552.000,"(2, 0)",4,1.333,Perfect 4th,1.333
506,202002,"(2, 2)",8,2.0,Octave,1.0,"(0, 0)",0,1.0,Base Void,6208.000,"(2, 0)",4,1.333,Perfect 4th,1.333
507,012002,"(0, 2)",2,1.125,Major 2nd,0.7375,"(1, 0)",3,1.25,Major 3rd,121.250,"(2, 0)",4,1.333,Perfect 4th,1.333
508,112002,"(1, 2)",6,1.666,Major 6th,0.8997999999999999,"(1, 0)",3,1.25,Major 3rd,1940.000,"(2, 0)",4,1.333,Perfect 4th,1.333
509,212002,"(2, 2)",8,2.0,Octave,1.0,"(1, 0)",3,1.25,Major 3rd,7760.000,"(2, 0)",4,1.333,Perfect 4th,1.333
510,022002,"(0, 2)",2,1.125,Major 2nd,0.7375,"(2, 0)",4,1.333,Perfect 4th,129.301,"(2, 0)",4,1.333,Perfect 4th,1.333
511,122002,"(1, 2)",6,1.666,Major 6th,0.8997999999999999,"(2, 0)",4,1.333,Perfect 4th,2068.816,"(2, 0)",4,1.333,Perfect 4th,1.333
512,222002,"(2, 2)",8,2.0,Octave,1.0,"(2, 0)",4,1.333,Perfect 4th,8275.264,"(2, 0)",4,1.333,Perfect 4th,1.333
513,000102,"(0, 2)",2,1.125,Major 2nd,0.7375,"(0, 0)",0,1.0,Base Void,97.000,"(0, 1)",1,1.0,Unison,1.000
514,100102,"(1, 2)",6,1.666,Major 6th,0.8997999999999999,"(0, 0)",0,1.0,Base Void,1552.000,"(0, 1)",1,1.0,Unison,1.000
515,200102,"(2, 2)",8,2.0,Octave,1.0,"(0, 0)",0,1.0,Base Void,6208.000,"(0, 1)",1,1.0,Unison,1.000
516,010102,"(0, 2)",2,1.125,Major 2nd,0.7375,"(1, 0)",3,1.25,Major 3rd,121.250,"(0, 1)",1,1.0,Unison,1.000
517,110102,"(1, 2)",6,1.666,Major 6th,0.8997999999999999,"(1, 0)",3,1.25,Major 3rd,1940.000,"(0, 1)",1,1.0,Unison,1.000
518,210102,"(2, 2)",8,2.0,Octave,1.0,"(1, 0)",3,1.25,Major 3rd,7760.000,"(0, 1)",1,1.0,Unison,1.000
519,020102,"(0, 2)",2,1.125,Major 2nd,0.7375,"(2, 0)",4,1.333,Perfect 4th,129.301,"(0, 1)",1,1.0,Unison,1.000
520,120102,"(1, 2)",6,1.666,Major 6th,0.8997999999999999,"(2, 0)",4,1.333,Perfect 4th,2068.816,"(0, 1)",1,1.0,Unison,1.000
521,220102,"(2, 2)",8,2.0,Octave,1.0,"(2, 0)",4,1.333,Perfect 4th,8275.264,"(0, 1)",1,1.0,Unison,1.000
522,001102,"(0, 2)",2,1.125,Major 2nd,0.7375,"(0, 0)",0,1.0,Base Void,97.000,"(1, 1)",5,1.5,Perfect 5th,1.500
523,101102,"(1, 2)",6,1.666,Major 6th,0.8997999999999999,"(0, 0)",0,1.0,Base Void,1552.000,"(1, 1)",5,1.5,Perfect 5th,1.500
524,201102,"(2, 2)",8,2.0,Octave,1.0,"(0, 0)",0,1.0,Base Void,6208.000,"(1, 1)",5,1.5,Perfect 5th,1.500
525,011102,"(0, 2)",2,1.125,Major 2nd,0.7375,"(1, 0)",3,1.25,Major 3rd,121.250,"(1, 1)",5,1.5,Perfect 5th,1.500
526,111102,"(1, 2)",6,1.666,Major 6th,0.8997999999999999,"(1, 0)",3,1.25,Major 3rd,1940.000,"(1, 1)",5,1.5,Perfect 5th,1.500
527,211102,"(2, 2)",8,2.0,Octave,1.0,"(1, 0)",3,1.25,Major 3rd,7760.000,"(1, 1)",5,1.5,Perfect 5th,1.500
528,021102,"(0, 2)",2,1.125,Major 2nd,0.7375,"(2, 0)",4,1.333,Perfect 4th,129.301,"(1, 1)",5,1.5,Perfect 5th,1.500
529,121102,"(1, 2)",6,1.666,Major 6th,0.8997999999999999,"(2, 0)",4,1.333,Perfect 4th,2068.816,"(1, 1)",5,1.5,Perfect 5th,1.500
530,221102,"(2, 2)",8,2.0,Octave,1.0,"(2, 0)",4,1.333,Perfect 4th,8275.264,"(1, 1)",5,1.5,Perfect 5th,1.500
531,002102,"(0, 2)",2,1.125,Major 2nd,0.7375,"(0, 0)",0,1.0,Base Void,97.000,"(2, 1)",7,1.875,Minor 7th,1.875
532,102102,"(1, 2)",6,1.666,Major 6th,0.8997999999999999,"(0, 0)",0,1.0,Base Void,1552.000,"(2, 1)",7,1.875,Minor 7th,1.875
533,202102,"(2, 2)",8,2.0,Octave,1.0,"(0, 0)",0,1.0,Base Void,6208.000,"(2, 1)",7,1.875,Minor 7th,1.875
534,012102,"(0, 2)",2,1.125,Major 2nd,0.7375,"(1, 0)",3,1.25,Major 3rd,121.250,"(2, 1)",7,1.875,Minor 7th,1.875
535,112102,"(1, 2)",6,1.666,Major 6th,0.8997999999999999,"(1, 0)",3,1.25,Major 3rd,1940.000,"(2, 1)",7,1.875,Minor 7th,1.875
536,212102,"(2, 2)",8,2.0,Octave,1.0,"(1, 0)",3,1.25,Major 3rd,7760.000,"(2, 1)",7,1.875,Minor 7th,1.875
537,022102,"(0, 2)",2,1.125,Major 2nd,0.7375,"(2, 0)",4,1.333,Perfect 4th,129.301,"(2, 1)",7,1.875,Minor 7th,1.875
538,122102,"(1, 2)",6,1.666,Major 6th,0.8997999999999999,"(2, 0)",4,1.333,Perfect 4th,2068.816,"(2, 1)",7,1.875,Minor 7th,1.875
539,222102,"(2, 2)",8,2.0,Octave,1.0,"(2, 0)",4,1.333,Perfect 4th,8275.264,"(2, 1)",7,1.875,Minor 7th,1.875
540,000202,"(0, 2)",2,1.125,Major 2nd,0.7375,"(0, 0)",0,1.0,Base Void,97.000,"(0, 2)",2,1.125,Major 2nd,1.125
541,100202,"(1, 2)",6,1.666,Major 6th,0.8997999999999999,"(0, 0)",0,1.0,Base Void,1552.000,"(0, 2)",2,1.125,Major 2nd,1.125
542,200202,"(2, 2)",8,2.0,Octave,1.0,"(0, 0)",0,1.0,Base Void,6208.000,"(0, 2)",2,1.125,Major 2nd,1.125
543,010202,"(0, 2)",2,1.125,Major 2nd,0.7375,"(1, 0)",3,1.25,Major 3rd,121.250,"(0, 2)",2,1.125,Major 2nd,1.125
544,110202,"(1, 2)",6,1.666,Major 6th,0.8997999999999999,"(1, 0)",3,1.25,Major 3rd,1940.000,"(0, 2)",2,1.125,Major 2nd,1.125
545,210202,"(2, 2)",8,2.0,Octave,1.0,"(1, 0)",3,1.25,Major 3rd,7760.000,"(0, 2)",2,1.125,Major 2nd,1.125
546,020202,"(0, 2)",2,1.125,Major 2nd,0.7375,"(2, 0)",4,1.333,Perfect 4th,129.301,"(0, 2)",2,1.125,Major 2nd,1.125
547,120202,"(1, 2)",6,1.666,Major 6th,0.8997999999999999,"(2, 0)",4,1.333,Perfect 4th,2068.816,"(0, 2)",2,1.125,Major 2nd,1.125
548,220202,"(2, 2)",8,2.0,Octave,1.0,"(2, 0)",4,1.333,Perfect 4th,8275.264,"(0, 2)",2,1.125,Major 2nd,1.125
549,001202,"(0, 2)",2,1.125,Major 2nd,0.7375,"(0, 0)",0,1.0,Base Void,97.000,"(1, 2)",6,1.666,Major 6th,1.666
550,101202,"(1, 2)",6,1.666,Major 6th,0.8997999999999999,"(0, 0)",0,1.0,Base Void,1552.000,"(1, 2)",6,1.666,Major 6th,1.666
551,201202,"(2, 2)",8,2.0,Octave,1.0,"(0, 0)",0,1.0,Base Void,6208.000,"(1, 2)",6,1.666,Major 6th,1.666
552,011202,"(0, 2)",2,1.125,Major 2nd,0.7375,"(1, 0)",3,1.25,Major 3rd,121.250,"(1, 2)",6,1.666,Major 6th,1.666
553,111202,"(1, 2)",6,1.666,Major 6th,0.8997999999999999,"(1, 0)",3,1.25,Major 3rd,1940.000,"(1, 2)",6,1.666,Major 6th,1.666
554,211202,"(2, 2)",8,2.0,Octave,1.0,"(1, 0)",3,1.25,Major 3rd,7760.000,"(1, 2)",6,1.666,Major 6th,1.666
555,021202,"(0, 2)",2,1.125,Major 2nd,0.7375,"(2, 0)",4,1.333,Perfect 4th,129.301,"(1, 2)",6,1.666,Major 6th,1.666
556,121202,"(1, 2)",6,1.666,Major 6th,0.8997999999999999,"(2, 0)",4,1.333,Perfect 4th,2068.816,"(1, 2)",6,1.666,Major 6th,1.666
557,221202,"(2, 2)",8,2.0,Octave,1.0,"(2, 0)",4,1.333,Perfect 4th,8275.264,"(1, 2)",6,1.666,Major 6th,1.666
558,002202,"(0, 2)",2,1.125,Major 2nd,0.7375,"(0, 0)",0,1.0,Base Void,97.000,"(2, 2)",8,2.0,Octave,2.000
559,102202,"(1, 2)",6,1.666,Major 6th,0.8997999999999999,"(0, 0)",0,1.0,Base Void,1552.000,"(2, 2)",8,2.0,Octave,2.000
560,202202,"(2, 2)",8,2.0,Octave,1.0,"(0, 0)",0,1.0,Base Void,6208.000,"(2, 2)",8,2.0,Octave,2.000
561,012202,"(0, 2)",2,1.125,Major 2nd,0.7375,"(1, 0)",3,1.25,Major 3rd,121.250,"(2, 2)",8,2.0,Octave,2.000
562,112202,"(1, 2)",6,1.666,Major 6th,0.8997999999999999,"(1, 0)",3,1.25,Major 3rd,1940.000,"(2, 2)",8,2.0,Octave,2.000
563,212202,"(2, 2)",8,2.0,Octave,1.0,"(1, 0)",3,1.25,Major 3rd,7760.000,"(2, 2)",8,2.0,Octave,2.000
564,022202,"(0, 2)",2,1.125,Major 2nd,0.7375,"(2, 0)",4,1.333,Perfect 4th,129.301,"(2, 2)",8,2.0,Octave,2.000
565,122202,"(1, 2)",6,1.666,Major 6th,0.8997999999999999,"(2, 0)",4,1.333,Perfect 4th,2068.816,"(2, 2)",8,2.0,Octave,2.000
566,222202,"(2, 2)",8,2.0,Octave,1.0,"(2, 0)",4,1.333,Perfect 4th,8275.264,"(2, 2)",8,2.0,Octave,2.000
567,000012,"(0, 2)",2,1.125,Major 2nd,0.7375,"(0, 1)",1,1.0,Unison,97.000,"(0, 0)",0,1.0,Base Void,1.000
568,100012,"(1, 2)",6,1.666,Major 6th,0.8997999999999999,"(0, 1)",1,1.0,Unison,1552.000,"(0, 0)",0,1.0,Base Void,1.000
569,200012,"(2, 2)",8,2.0,Octave,1.0,"(0, 1)",1,1.0,Unison,6208.000,"(0, 0)",0,1.0,Base Void,1.000
570,010012,"(0, 2)",2,1.125,Major 2nd,0.7375,"(1, 1)",5,1.5,Perfect 5th,145.500,"(0, 0)",0,1.0,Base Void,1.000
571,110012,"(1, 2)",6,1.666,Major 6th,0.8997999999999999,"(1, 1)",5,1.5,Perfect 5th,2328.000,"(0, 0)",0,1.0,Base Void,1.000
572,210012,"(2, 2)",8,2.0,Octave,1.0,"(1, 1)",5,1.5,Perfect 5th,9312.000,"(0, 0)",0,1.0,Base Void,1.000
573,020012,"(0, 2)",2,1.125,Major 2nd,0.7375,"(2, 1)",7,1.875,Minor 7th,181.875,"(0, 0)",0,1.0,Base Void,1.000
574,120012,"(1, 2)",6,1.666,Major 6th,0.8997999999999999,"(2, 1)",7,1.875,Minor 7th,2910.000,"(0, 0)",0,1.0,Base Void,1.000
575,220012,"(2, 2)",8,2.0,Octave,1.0,"(2, 1)",7,1.875,Minor 7th,11640.000,"(0, 0)",0,1.0,Base Void,1.000
576,001012,"(0, 2)",2,1.125,Major 2nd,0.7375,"(0, 1)",1,1.0,Unison,97.000,"(1, 0)",3,1.25,Major 3rd,1.250
577,101012,"(1, 2)",6,1.666,Major 6th,0.8997999999999999,"(0, 1)",1,1.0,Unison,1552.000,"(1, 0)",3,1.25,Major 3rd,1.250
578,201012,"(2, 2)",8,2.0,Octave,1.0,"(0, 1)",1,1.0,Unison,6208.000,"(1, 0)",3,1.25,Major 3rd,1.250
579,011012,"(0, 2)",2,1.125,Major 2nd,0.7375,"(1, 1)",5,1.5,Perfect 5th,145.500,"(1, 0)",3,1.25,Major 3rd,1.250
580,111012,"(1, 2)",6,1.666,Major 6th,0.8997999999999999,"(1, 1)",5,1.5,Perfect 5th,2328.000,"(1, 0)",3,1.25,Major 3rd,1.250
581,211012,"(2, 2)",8,2.0,Octave,1.0,"(1, 1)",5,1.5,Perfect 5th,9312.000,"(1, 0)",3,1.25,Major 3rd,1.250
582,021012,"(0, 2)",2,1.125,Major 2nd,0.7375,"(2, 1)",7,1.875,Minor 7th,181.875,"(1, 0)",3,1.25,Major 3rd,1.250
583,121012,"(1, 2)",6,1.666,Major 6th,0.8997999999999999,"(2, 1)",7,1.875,Minor 7th,2910.000,"(1, 0)",3,1.25,Major 3rd,1.250
584,221012,"(2, 2)",8,2.0,Octave,1.0,"(2, 1)",7,1.875,Minor 7th,11640.000,"(1, 0)",3,1.25,Major 3rd,1.250
585,002012,"(0, 2)",2,1.125,Major 2nd,0.7375,"(0, 1)",1,1.0,Unison,97.000,"(2, 0)",4,1.333,Perfect 4th,1.333
586,102012,"(1, 2)",6,1.666,Major 6th,0.8997999999999999,"(0, 1)",1,1.0,Unison,1552.000,"(2, 0)",4,1.333,Perfect 4th,1.333
587,202012,"(2, 2)",8,2.0,Octave,1.0,"(0, 1)",1,1.0,Unison,6208.000,"(2, 0)",4,1.333,Perfect 4th,1.333
588,012012,"(0, 2)",2,1.125,Major 2nd,0.7375,"(1, 1)",5,1.5,Perfect 5th,145.500,"(2, 0)",4,1.333,Perfect 4th,1.333
589,112012,"(1, 2)",6,1.666,Major 6th,0.8997999999999999,"(1, 1)",5,1.5,Perfect 5th,2328.000,"(2, 0)",4,1.333,Perfect 4th,1.333
590,212012,"(2, 2)",8,2.0,Octave,1.0,"(1, 1)",5,1.5,Perfect 5th,9312.000,"(2, 0)",4,1.333,Perfect 4th,1.333
591,022012,"(0, 2)",2,1.125,Major 2nd,0.7375,"(2, 1)",7,1.875,Minor 7th,181.875,"(2, 0)",4,1.333,Perfect 4th,1.333
592,122012,"(1, 2)",6,1.666,Major 6th,0.8997999999999999,"(2, 1)",7,1.875,Minor 7th,2910.000,"(2, 0)",4,1.333,Perfect 4th,1.333
593,222012,"(2, 2)",8,2.0,Octave,1.0,"(2, 1)",7,1.875,Minor 7th,11640.000,"(2, 0)",4,1.333,Perfect 4th,1.333
594,000112,"(0, 2)",2,1.125,Major 2nd,0.7375,"(0, 1)",1,1.0,Unison,97.000,"(0, 1)",1,1.0,Unison,1.000
595,100112,"(1, 2)",6,1.666,Major 6th,0.8997999999999999,"(0, 1)",1,1.0,Unison,1552.000,"(0, 1)",1,1.0,Unison,1.000
596,200112,"(2, 2)",8,2.0,Octave,1.0,"(0, 1)",1,1.0,Unison,6208.000,"(0, 1)",1,1.0,Unison,1.000
597,010112,"(0, 2)",2,1.125,Major 2nd,0.7375,"(1, 1)",5,1.5,Perfect 5th,145.500,"(0, 1)",1,1.0,Unison,1.000
598,110112,"(1, 2)",6,1.666,Major 6th,0.8997999999999999,"(1, 1)",5,1.5,Perfect 5th,2328.000,"(0, 1)",1,1.0,Unison,1.000
599,210112,"(2, 2)",8,2.0,Octave,1.0,"(1, 1)",5,1.5,Perfect 5th,9312.000,"(0, 1)",1,1.0,Unison,1.000
600,020112,"(0, 2)",2,1.125,Major 2nd,0.7375,"(2, 1)",7,1.875,Minor 7th,181.875,"(0, 1)",1,1.0,Unison,1.000
601,120112,"(1, 2)",6,1.666,Major 6th,0.8997999999999999,"(2, 1)",7,1.875,Minor 7th,2910.000,"(0, 1)",1,1.0,Unison,1.000
602,220112,"(2, 2)",8,2.0,Octave,1.0,"(2, 1)",7,1.875,Minor 7th,11640.000,"(0, 1)",1,1.0,Unison,1.000
603,001112,"(0, 2)",2,1.125,Major 2nd,0.7375,"(0, 1)",1,1.0,Unison,97.000,"(1, 1)",5,1.5,Perfect 5th,1.500
604,101112,"(1, 2)",6,1.666,Major 6th,0.8997999999999999,"(0, 1)",1,1.0,Unison,1552.000,"(1, 1)",5,1.5,Perfect 5th,1.500
605,201112,"(2, 2)",8,2.0,Octave,1.0,"(0, 1)",1,1.0,Unison,6208.000,"(1, 1)",5,1.5,Perfect 5th,1.500
606,011112,"(0, 2)",2,1.125,Major 2nd,0.7375,"(1, 1)",5,1.5,Perfect 5th,145.500,"(1, 1)",5,1.5,Perfect 5th,1.500
607,111112,"(1, 2)",6,1.666,Major 6th,0.8997999999999999,"(1, 1)",5,1.5,Perfect 5th,2328.000,"(1, 1)",5,1.5,Perfect 5th,1.500
608,211112,"(2, 2)",8,2.0,Octave,1.0,"(1, 1)",5,1.5,Perfect 5th,9312.000,"(1, 1)",5,1.5,Perfect 5th,1.500
609,021112,"(0, 2)",2,1.125,Major 2nd,0.7375,"(2, 1)",7,1.875,Minor 7th,181.875,"(1, 1)",5,1.5,Perfect 5th,1.500
610,121112,"(1, 2)",6,1.666,Major 6th,0.8997999999999999,"(2, 1)",7,1.875,Minor 7th,2910.000,"(1, 1)",5,1.5,Perfect 5th,1.500
611,221112,"(2, 2)",8,2.0,Octave,1.0,"(2, 1)",7,1.875,Minor 7th,11640.000,"(1, 1)",5,1.5,Perfect 5th,1.500
612,002112,"(0, 2)",2,1.125,Major 2nd,0.7375,"(0, 1)",1,1.0,Unison,97.000,"(2, 1)",7,1.875,Minor 7th,1.875
613,102112,"(1, 2)",6,1.666,Major 6th,0.8997999999999999,"(0, 1)",1,1.0,Unison,1552.000,"(2, 1)",7,1.875,Minor 7th,1.875
614,202112,"(2, 2)",8,2.0,Octave,1.0,"(0, 1)",1,1.0,Unison,6208.000,"(2, 1)",7,1.875,Minor 7th,1.875
615,012112,"(0, 2)",2,1.125,Major 2nd,0.7375,"(1, 1)",5,1.5,Perfect 5th,145.500,"(2, 1)",7,1.875,Minor 7th,1.875
616,112112,"(1, 2)",6,1.666,Major 6th,0.8997999999999999,"(1, 1)",5,1.5,Perfect 5th,2328.000,"(2, 1)",7,1.875,Minor 7th,1.875
617,212112,"(2, 2)",8,2.0,Octave,1.0,"(1, 1)",5,1.5,Perfect 5th,9312.000,"(2, 1)",7,1.875,Minor 7th,1.875
618,022112,"(0, 2)",2,1.125,Major 2nd,0.7375,"(2, 1)",7,1.875,Minor 7th,181.875,"(2, 1)",7,1.875,Minor 7th,1.875
619,122112,"(1, 2)",6,1.666,Major 6th,0.8997999999999999,"(2, 1)",7,1.875,Minor 7th,2910.000,"(2, 1)",7,1.875,Minor 7th,1.875
620,222112,"(2, 2)",8,2.0,Octave,1.0,"(2, 1)",7,1.875,Minor 7th,11640.000,"(2, 1)",7,1.875,Minor 7th,1.875
621,000212,"(0, 2)",2,1.125,Major 2nd,0.7375,"(0, 1)",1,1.0,Unison,97.000,"(0, 2)",2,1.125,Major 2nd,1.125
622,100212,"(1, 2)",6,1.666,Major 6th,0.8997999999999999,"(0, 1)",1,1.0,Unison,1552.000,"(0, 2)",2,1.125,Major 2nd,1.125
623,200212,"(2, 2)",8,2.0,Octave,1.0,"(0, 1)",1,1.0,Unison,6208.000,"(0, 2)",2,1.125,Major 2nd,1.125
624,010212,"(0, 2)",2,1.125,Major 2nd,0.7375,"(1, 1)",5,1.5,Perfect 5th,145.500,"(0, 2)",2,1.125,Major 2nd,1.125
625,110212,"(1, 2)",6,1.666,Major 6th,0.8997999999999999,"(1, 1)",5,1.5,Perfect 5th,2328.000,"(0, 2)",2,1.125,Major 2nd,1.125
626,210212,"(2, 2)",8,2.0,Octave,1.0,"(1, 1)",5,1.5,Perfect 5th,9312.000,"(0, 2)",2,1.125,Major 2nd,1.125
627,020212,"(0, 2)",2,1.125,Major 2nd,0.7375,"(2, 1)",7,1.875,Minor 7th,181.875,"(0, 2)",2,1.125,Major 2nd,1.125
628,120212,"(1, 2)",6,1.666,Major 6th,0.8997999999999999,"(2, 1)",7,1.875,Minor 7th,2910.000,"(0, 2)",2,1.125,Major 2nd,1.125
629,220212,"(2, 2)",8,2.0,Octave,1.0,"(2, 1)",7,1.875,Minor 7th,11640.000,"(0, 2)",2,1.125,Major 2nd,1.125
630,001212,"(0, 2)",2,1.125,Major 2nd,0.7375,"(0, 1)",1,1.0,Unison,97.000,"(1, 2)",6,1.666,Major 6th,1.666
631,101212,"(1, 2)",6,1.666,Major 6th,0.8997999999999999,"(0, 1)",1,1.0,Unison,1552.000,"(1, 2)",6,1.666,Major 6th,1.666
632,201212,"(2, 2)",8,2.0,Octave,1.0,"(0, 1)",1,1.0,Unison,6208.000,"(1, 2)",6,1.666,Major 6th,1.666
633,011212,"(0, 2)",2,1.125,Major 2nd,0.7375,"(1, 1)",5,1.5,Perfect 5th,145.500,"(1, 2)",6,1.666,Major 6th,1.666
634,111212,"(1, 2)",6,1.666,Major 6th,0.8997999999999999,"(1, 1)",5,1.5,Perfect 5th,2328.000,"(1, 2)",6,1.666,Major 6th,1.666
635,211212,"(2, 2)",8,2.0,Octave,1.0,"(1, 1)",5,1.5,Perfect 5th,9312.000,"(1, 2)",6,1.666,Major 6th,1.666
636,021212,"(0, 2)",2,1.125,Major 2nd,0.7375,"(2, 1)",7,1.875,Minor 7th,181.875,"(1, 2)",6,1.666,Major 6th,1.666
637,121212,"(1, 2)",6,1.666,Major 6th,0.8997999999999999,"(2, 1)",7,1.875,Minor 7th,2910.000,"(1, 2)",6,1.666,Major 6th,1.666
638,221212,"(2, 2)",8,2.0,Octave,1.0,"(2, 1)",7,1.875,Minor 7th,11640.000,"(1, 2)",6,1.666,Major 6th,1.666
639,002212,"(0, 2)",2,1.125,Major 2nd,0.7375,"(0, 1)",1,1.0,Unison,97.000,"(2, 2)",8,2.0,Octave,2.000
640,102212,"(1, 2)",6,1.666,Major 6th,0.8997999999999999,"(0, 1)",1,1.0,Unison,1552.000,"(2, 2)",8,2.0,Octave,2.000
641,202212,"(2, 2)",8,2.0,Octave,1.0,"(0, 1)",1,1.0,Unison,6208.000,"(2, 2)",8,2.0,Octave,2.000
642,012212,"(0, 2)",2,1.125,Major 2nd,0.7375,"(1, 1)",5,1.5,Perfect 5th,145.500,"(2, 2)",8,2.0,Octave,2.000
643,112212,"(1, 2)",6,1.666,Major 6th,0.8997999999999999,"(1, 1)",5,1.5,Perfect 5th,2328.000,"(2, 2)",8,2.0,Octave,2.000
644,212212,"(2, 2)",8,2.0,Octave,1.0,"(1, 1)",5,1.5,Perfect 5th,9312.000,"(2, 2)",8,2.0,Octave,2.000
645,022212,"(0, 2)",2,1.125,Major 2nd,0.7375,"(2, 1)",7,1.875,Minor 7th,181.875,"(2, 2)",8,2.0,Octave,2.000
646,122212,"(1, 2)",6,1.666,Major 6th,0.8997999999999999,"(2, 1)",7,1.875,Minor 7th,2910.000,"(2, 2)",8,2.0,Octave,2.000
647,222212,"(2, 2)",8,2.0,Octave,1.0,"(2, 1)",7,1.875,Minor 7th,11640.000,"(2, 2)",8,2.0,Octave,2.000
648,000022,"(0, 2)",2,1.125,Major 2nd,0.7375,"(0, 2)",2,1.125,Major 2nd,109.125,"(0, 0)",0,1.0,Base Void,1.000
649,100022,"(1, 2)",6,1.666,Major 6th,0.8997999999999999,"(0, 2)",2,1.125,Major 2nd,1746.000,"(0, 0)",0,1.0,Base Void,1.000
650,200022,"(2, 2)",8,2.0,Octave,1.0,"(0, 2)",2,1.125,Major 2nd,6984.000,"(0, 0)",0,1.0,Base Void,1.000
651,010022,"(0, 2)",2,1.125,Major 2nd,0.7375,"(1, 2)",6,1.666,Major 6th,161.602,"(0, 0)",0,1.0,Base Void,1.000
652,110022,"(1, 2)",6,1.666,Major 6th,0.8997999999999999,"(1, 2)",6,1.666,Major 6th,2585.632,"(0, 0)",0,1.0,Base Void,1.000
653,210022,"(2, 2)",8,2.0,Octave,1.0,"(1, 2)",6,1.666,Major 6th,10342.528,"(0, 0)",0,1.0,Base Void,1.000
654,020022,"(0, 2)",2,1.125,Major 2nd,0.7375,"(2, 2)",8,2.0,Octave,194.000,"(0, 0)",0,1.0,Base Void,1.000
655,120022,"(1, 2)",6,1.666,Major 6th,0.8997999999999999,"(2, 2)",8,2.0,Octave,3104.000,"(0, 0)",0,1.0,Base Void,1.000
656,220022,"(2, 2)",8,2.0,Octave,1.0,"(2, 2)",8,2.0,Octave,12416.000,"(0, 0)",0,1.0,Base Void,1.000
657,001022,"(0, 2)",2,1.125,Major 2nd,0.7375,"(0, 2)",2,1.125,Major 2nd,109.125,"(1, 0)",3,1.25,Major 3rd,1.250
658,101022,"(1, 2)",6,1.666,Major 6th,0.8997999999999999,"(0, 2)",2,1.125,Major 2nd,1746.000,"(1, 0)",3,1.25,Major 3rd,1.250
659,201022,"(2, 2)",8,2.0,Octave,1.0,"(0, 2)",2,1.125,Major 2nd,6984.000,"(1, 0)",3,1.25,Major 3rd,1.250
660,011022,"(0, 2)",2,1.125,Major 2nd,0.7375,"(1, 2)",6,1.666,Major 6th,161.602,"(1, 0)",3,1.25,Major 3rd,1.250
661,111022,"(1, 2)",6,1.666,Major 6th,0.8997999999999999,"(1, 2)",6,1.666,Major 6th,2585.632,"(1, 0)",3,1.25,Major 3rd,1.250
662,211022,"(2, 2)",8,2.0,Octave,1.0,"(1, 2)",6,1.666,Major 6th,10342.528,"(1, 0)",3,1.25,Major 3rd,1.250
663,021022,"(0, 2)",2,1.125,Major 2nd,0.7375,"(2, 2)",8,2.0,Octave,194.000,"(1, 0)",3,1.25,Major 3rd,1.250
664,121022,"(1, 2)",6,1.666,Major 6th,0.8997999999999999,"(2, 2)",8,2.0,Octave,3104.000,"(1, 0)",3,1.25,Major 3rd,1.250
665,221022,"(2, 2)",8,2.0,Octave,1.0,"(2, 2)",8,2.0,Octave,12416.000,"(1, 0)",3,1.25,Major 3rd,1.250
666,002022,"(0, 2)",2,1.125,Major 2nd,0.7375,"(0, 2)",2,1.125,Major 2nd,109.125,"(2, 0)",4,1.333,Perfect 4th,1.333
667,102022,"(1, 2)",6,1.666,Major 6th,0.8997999999999999,"(0, 2)",2,1.125,Major 2nd,1746.000,"(2, 0)",4,1.333,Perfect 4th,1.333
668,202022,"(2, 2)",8,2.0,Octave,1.0,"(0, 2)",2,1.125,Major 2nd,6984.000,"(2, 0)",4,1.333,Perfect 4th,1.333
669,012022,"(0, 2)",2,1.125,Major 2nd,0.7375,"(1, 2)",6,1.666,Major 6th,161.602,"(2, 0)",4,1.333,Perfect 4th,1.333
670,112022,"(1, 2)",6,1.666,Major 6th,0.8997999999999999,"(1, 2)",6,1.666,Major 6th,2585.632,"(2, 0)",4,1.333,Perfect 4th,1.333
671,212022,"(2, 2)",8,2.0,Octave,1.0,"(1, 2)",6,1.666,Major 6th,10342.528,"(2, 0)",4,1.333,Perfect 4th,1.333
672,022022,"(0, 2)",2,1.125,Major 2nd,0.7375,"(2, 2)",8,2.0,Octave,194.000,"(2, 0)",4,1.333,Perfect 4th,1.333
673,122022,"(1, 2)",6,1.666,Major 6th,0.8997999999999999,"(2, 2)",8,2.0,Octave,3104.000,"(2, 0)",4,1.333,Perfect 4th,1.333
674,222022,"(2, 2)",8,2.0,Octave,1.0,"(2, 2)",8,2.0,Octave,12416.000,"(2, 0)",4,1.333,Perfect 4th,1.333
675,000122,"(0, 2)",2,1.125,Major 2nd,0.7375,"(0, 2)",2,1.125,Major 2nd,109.125,"(0, 1)",1,1.0,Unison,1.000
676,100122,"(1, 2)",6,1.666,Major 6th,0.8997999999999999,"(0, 2)",2,1.125,Major 2nd,1746.000,"(0, 1)",1,1.0,Unison,1.000
677,200122,"(2, 2)",8,2.0,Octave,1.0,"(0, 2)",2,1.125,Major 2nd,6984.000,"(0, 1)",1,1.0,Unison,1.000
678,010122,"(0, 2)",2,1.125,Major 2nd,0.7375,"(1, 2)",6,1.666,Major 6th,161.602,"(0, 1)",1,1.0,Unison,1.000
679,110122,"(1, 2)",6,1.666,Major 6th,0.8997999999999999,"(1, 2)",6,1.666,Major 6th,2585.632,"(0, 1)",1,1.0,Unison,1.000
680,210122,"(2, 2)",8,2.0,Octave,1.0,"(1, 2)",6,1.666,Major 6th,10342.528,"(0, 1)",1,1.0,Unison,1.000
681,020122,"(0, 2)",2,1.125,Major 2nd,0.7375,"(2, 2)",8,2.0,Octave,194.000,"(0, 1)",1,1.0,Unison,1.000
682,120122,"(1, 2)",6,1.666,Major 6th,0.8997999999999999,"(2, 2)",8,2.0,Octave,3104.000,"(0, 1)",1,1.0,Unison,1.000
683,220122,"(2, 2)",8,2.0,Octave,1.0,"(2, 2)",8,2.0,Octave,12416.000,"(0, 1)",1,1.0,Unison,1.000
684,001122,"(0, 2)",2,1.125,Major 2nd,0.7375,"(0, 2)",2,1.125,Major 2nd,109.125,"(1, 1)",5,1.5,Perfect 5th,1.500
685,101122,"(1, 2)",6,1.666,Major 6th,0.8997999999999999,"(0, 2)",2,1.125,Major 2nd,1746.000,"(1, 1)",5,1.5,Perfect 5th,1.500
686,201122,"(2, 2)",8,2.0,Octave,1.0,"(0, 2)",2,1.125,Major 2nd,6984.000,"(1, 1)",5,1.5,Perfect 5th,1.500
687,011122,"(0, 2)",2,1.125,Major 2nd,0.7375,"(1, 2)",6,1.666,Major 6th,161.602,"(1, 1)",5,1.5,Perfect 5th,1.500
688,111122,"(1, 2)",6,1.666,Major 6th,0.8997999999999999,"(1, 2)",6,1.666,Major 6th,2585.632,"(1, 1)",5,1.5,Perfect 5th,1.500
689,211122,"(2, 2)",8,2.0,Octave,1.0,"(1, 2)",6,1.666,Major 6th,10342.528,"(1, 1)",5,1.5,Perfect 5th,1.500
690,021122,"(0, 2)",2,1.125,Major 2nd,0.7375,"(2, 2)",8,2.0,Octave,194.000,"(1, 1)",5,1.5,Perfect 5th,1.500
691,121122,"(1, 2)",6,1.666,Major 6th,0.8997999999999999,"(2, 2)",8,2.0,Octave,3104.000,"(1, 1)",5,1.5,Perfect 5th,1.500
692,221122,"(2, 2)",8,2.0,Octave,1.0,"(2, 2)",8,2.0,Octave,12416.000,"(1, 1)",5,1.5,Perfect 5th,1.500
693,002122,"(0, 2)",2,1.125,Major 2nd,0.7375,"(0, 2)",2,1.125,Major 2nd,109.125,"(2, 1)",7,1.875,Minor 7th,1.875
694,102122,"(1, 2)",6,1.666,Major 6th,0.8997999999999999,"(0, 2)",2,1.125,Major 2nd,1746.000,"(2, 1)",7,1.875,Minor 7th,1.875
695,202122,"(2, 2)",8,2.0,Octave,1.0,"(0, 2)",2,1.125,Major 2nd,6984.000,"(2, 1)",7,1.875,Minor 7th,1.875
696,012122,"(0, 2)",2,1.125,Major 2nd,0.7375,"(1, 2)",6,1.666,Major 6th,161.602,"(2, 1)",7,1.875,Minor 7th,1.875
697,112122,"(1, 2)",6,1.666,Major 6th,0.8997999999999999,"(1, 2)",6,1.666,Major 6th,2585.632,"(2, 1)",7,1.875,Minor 7th,1.875
698,212122,"(2, 2)",8,2.0,Octave,1.0,"(1, 2)",6,1.666,Major 6th,10342.528,"(2, 1)",7,1.875,Minor 7th,1.875
699,022122,"(0, 2)",2,1.125,Major 2nd,0.7375,"(2, 2)",8,2.0,Octave,194.000,"(2, 1)",7,1.875,Minor 7th,1.875
700,122122,"(1, 2)",6,1.666,Major 6th,0.8997999999999999,"(2, 2)",8,2.0,Octave,3104.000,"(2, 1)",7,1.875,Minor 7th,1.875
701,222122,"(2, 2)",8,2.0,Octave,1.0,"(2, 2)",8,2.0,Octave,12416.000,"(2, 1)",7,1.875,Minor 7th,1.875
702,000222,"(0, 2)",2,1.125,Major 2nd,0.7375,"(0, 2)",2,1.125,Major 2nd,109.125,"(0, 2)",2,1.125,Major 2nd,1.125
703,100222,"(1, 2)",6,1.666,Major 6th,0.8997999999999999,"(0, 2)",2,1.125,Major 2nd,1746.000,"(0, 2)",2,1.125,Major 2nd,1.125
704,200222,"(2, 2)",8,2.0,Octave,1.0,"(0, 2)",2,1.125,Major 2nd,6984.000,"(0, 2)",2,1.125,Major 2nd,1.125
705,010222,"(0, 2)",2,1.125,Major 2nd,0.7375,"(1, 2)",6,1.666,Major 6th,161.602,"(0, 2)",2,1.125,Major 2nd,1.125
706,110222,"(1, 2)",6,1.666,Major 6th,0.8997999999999999,"(1, 2)",6,1.666,Major 6th,2585.632,"(0, 2)",2,1.125,Major 2nd,1.125
707,210222,"(2, 2)",8,2.0,Octave,1.0,"(1, 2)",6,1.666,Major 6th,10342.528,"(0, 2)",2,1.125,Major 2nd,1.125
708,020222,"(0, 2)",2,1.125,Major 2nd,0.7375,"(2, 2)",8,2.0,Octave,194.000,"(0, 2)",2,1.125,Major 2nd,1.125
709,120222,"(1, 2)",6,1.666,Major 6th,0.8997999999999999,"(2, 2)",8,2.0,Octave,3104.000,"(0, 2)",2,1.125,Major 2nd,1.125
710,220222,"(2, 2)",8,2.0,Octave,1.0,"(2, 2)",8,2.0,Octave,12416.000,"(0, 2)",2,1.125,Major 2nd,1.125
711,001222,"(0, 2)",2,1.125,Major 2nd,0.7375,"(0, 2)",2,1.125,Major 2nd,109.125,"(1, 2)",6,1.666,Major 6th,1.666
712,101222,"(1, 2)",6,1.666,Major 6th,0.8997999999999999,"(0, 2)",2,1.125,Major 2nd,1746.000,"(1, 2)",6,1.666,Major 6th,1.666
713,201222,"(2, 2)",8,2.0,Octave,1.0,"(0, 2)",2,1.125,Major 2nd,6984.000,"(1, 2)",6,1.666,Major 6th,1.666
714,011222,"(0, 2)",2,1.125,Major 2nd,0.7375,"(1, 2)",6,1.666,Major 6th,161.602,"(1, 2)",6,1.666,Major 6th,1.666
715,111222,"(1, 2)",6,1.666,Major 6th,0.8997999999999999,"(1, 2)",6,1.666,Major 6th,2585.632,"(1, 2)",6,1.666,Major 6th,1.666
716,211222,"(2, 2)",8,2.0,Octave,1.0,"(1, 2)",6,1.666,Major 6th,10342.528,"(1, 2)",6,1.666,Major 6th,1.666
717,021222,"(0, 2)",2,1.125,Major 2nd,0.7375,"(2, 2)",8,2.0,Octave,194.000,"(1, 2)",6,1.666,Major 6th,1.666
718,121222,"(1, 2)",6,1.666,Major 6th,0.8997999999999999,"(2, 2)",8,2.0,Octave,3104.000,"(1, 2)",6,1.666,Major 6th,1.666
719,221222,"(2, 2)",8,2.0,Octave,1.0,"(2, 2)",8,2.0,Octave,12416.000,"(1, 2)",6,1.666,Major 6th,1.666
720,002222,"(0, 2)",2,1.125,Major 2nd,0.7375,"(0, 2)",2,1.125,Major 2nd,109.125,"(2, 2)",8,2.0,Octave,2.000
721,102222,"(1, 2)",6,1.666,Major 6th,0.8997999999999999,"(0, 2)",2,1.125,Major 2nd,1746.000,"(2, 2)",8,2.0,Octave,2.000
722,202222,"(2, 2)",8,2.0,Octave,1.0,"(0, 2)",2,1.125,Major 2nd,6984.000,"(2, 2)",8,2.0,Octave,2.000
723,012222,"(0, 2)",2,1.125,Major 2nd,0.7375,"(1, 2)",6,1.666,Major 6th,161.602,"(2, 2)",8,2.0,Octave,2.000
724,112222,"(1, 2)",6,1.666,Major 6th,0.8997999999999999,"(1, 2)",6,1.666,Major 6th,2585.632,"(2, 2)",8,2.0,Octave,2.000
725,212222,"(2, 2)",8,2.0,Octave,1.0,"(1, 2)",6,1.666,Major 6th,10342.528,"(2, 2)",8,2.0,Octave,2.000
726,022222,"(0, 2)",2,1.125,Major 2nd,0.7375,"(2, 2)",8,2.0,Octave,194.000,"(2, 2)",8,2.0,Octave,2.000
727,122222,"(1, 2)",6,1.666,Major 6th,0.8997999999999999,"(2, 2)",8,2.0,Octave,3104.000,"(2, 2)",8,2.0,Octave,2.000
728,222222,"(2, 2)",8,2.0,Octave,1.0,"(2, 2)",8,2.0,Octave,12416.000,"(2, 2)",8,2.0,Octave,2.000
