decimal,ternary,skin,body,core,frequency_hz,waveform,pulse_rate_hz,max_harmonics,odd_only,rolloff,color_hex,is_key_97,audible
0,000000,00,00,00,0.00,Pure Sine,4.0,1,True,2.0,#000000,,
1,000001,01,00,00,16.35,Soft Sine,4.0,2,True,2.5,#250000,Y,Y
2,000002,02,00,00,16.48,Warm Sine,4.0,3,True,2.5,#3c0000,,Y
3,000010,00,01,00,16.60,Pure Sine,5.0,1,True,2.0,#002500,,Y
4,000011,01,01,00,16.73,Soft Sine,5.0,2,True,2.5,#252500,,Y
5,000012,02,01,00,16.86,Warm Sine,5.0,3,True,2.5,#3c2500,,Y
6,000020,00,02,00,16.99,Pure Sine,6.0,1,True,2.0,#003c00,,Y
7,000021,01,02,00,17.12,Soft Sine,6.0,2,True,2.5,#253c00,,Y
8,000022,02,02,00,17.25,Warm Sine,6.0,3,True,2.5,#3c3c00,,Y
9,000100,00,00,01,17.38,Pure Sine,4.0,1,True,2.0,#000025,Y,Y
10,000101,01,00,01,17.51,Soft Sine,4.0,2,True,2.5,#250025,,Y
11,000102,02,00,01,17.65,Warm Sine,4.0,3,True,2.5,#3c0025,,Y
12,000110,00,01,01,17.78,Pure Sine,5.0,1,True,2.0,#002525,,Y
13,000111,01,01,01,17.92,Soft Sine,5.0,2,True,2.5,#252525,,Y
14,000112,02,01,01,18.05,Warm Sine,5.0,3,True,2.5,#3c2525,,Y
15,000120,00,02,01,18.19,Pure Sine,6.0,1,True,2.0,#003c25,,Y
16,000121,01,02,01,18.33,Soft Sine,6.0,2,True,2.5,#253c25,Y,Y
17,000122,02,02,01,18.47,Warm Sine,6.0,3,True,2.5,#3c3c25,,Y
18,000200,00,00,02,18.61,Pure Sine,4.0,1,True,2.0,#00003c,,Y
19,000201,01,00,02,18.76,Soft Sine,4.0,2,True,2.5,#25003c,,Y
20,000202,02,00,02,18.90,Warm Sine,4.0,3,True,2.5,#3c003c,,Y
21,000210,00,01,02,19.04,Pure Sine,5.0,1,True,2.0,#00253c,,Y
22,000211,01,01,02,19.19,Soft Sine,5.0,2,True,2.5,#25253c,,Y
23,000212,02,01,02,19.34,Warm Sine,5.0,3,True,2.5,#3c253c,,Y
24,000220,00,02,02,19.49,Pure Sine,6.0,1,True,2.0,#003c3c,Y,Y
25,000221,01,02,02,19.63,Soft Sine,6.0,2,True,2.5,#253c3c,,Y
26,000222,02,02,02,19.78,Warm Sine,6.0,3,True,2.5,#3c3c3c,,Y
27,001000,00,00,10,19.94,Pure Sine,4.0,1,True,2.0,#000061,,Y
28,001001,01,00,10,20.09,Soft Sine,4.0,2,True,2.5,#250061,,Y
29,001002,02,00,10,20.24,Warm Sine,4.0,3,True,2.5,#3c0061,,Y
30,001010,00,01,10,20.40,Pure Sine,5.0,1,True,2.0,#002561,,Y
31,001011,01,01,10,20.55,Soft Sine,5.0,2,True,2.5,#252561,Y,Y
32,001012,02,01,10,20.71,Warm Sine,5.0,3,True,2.5,#3c2561,,Y
33,001020,00,02,10,20.87,Pure Sine,6.0,1,True,2.0,#003c61,,Y
34,001021,01,02,10,21.03,Soft Sine,6.0,2,True,2.5,#253c61,,Y
35,001022,02,02,10,21.19,Warm Sine,6.0,3,True,2.5,#3c3c61,,Y
36,001100,00,00,11,21.35,Pure Sine,4.0,1,True,2.0,#000086,,Y
37,001101,01,00,11,21.52,Soft Sine,4.0,2,True,2.5,#250086,,Y
38,001102,02,00,11,21.68,Warm Sine,4.0,3,True,2.5,#3c0086,,Y
39,001110,00,01,11,21.85,Pure Sine,5.0,1,True,2.0,#002586,Y,Y
40,001111,01,01,11,22.01,Soft Sine,5.0,2,True,2.5,#252586,,Y
41,001112,02,01,11,22.18,Warm Sine,5.0,3,True,2.5,#3c2586,,Y
42,001120,00,02,11,22.35,Pure Sine,6.0,1,True,2.0,#003c86,,Y
43,001121,01,02,11,22.52,Soft Sine,6.0,2,True,2.5,#253c86,,Y
44,001122,02,02,11,22.70,Warm Sine,6.0,3,True,2.5,#3c3c86,,Y
45,001200,00,00,12,22.87,Pure Sine,4.0,1,True,2.0,#00009d,,Y
46,001201,01,00,12,23.05,Soft Sine,4.0,2,True,2.5,#25009d,Y,Y
47,001202,02,00,12,23.22,Warm Sine,4.0,3,True,2.5,#3c009d,,Y
48,001210,00,01,12,23.40,Pure Sine,5.0,1,True,2.0,#00259d,,Y
49,001211,01,01,12,23.58,Soft Sine,5.0,2,True,2.5,#25259d,,Y
50,001212,02,01,12,23.76,Warm Sine,5.0,3,True,2.5,#3c259d,,Y
51,001220,00,02,12,23.94,Pure Sine,6.0,1,True,2.0,#003c9d,,Y
52,001221,01,02,12,24.12,Soft Sine,6.0,2,True,2.5,#253c9d,,Y
53,001222,02,02,12,24.31,Warm Sine,6.0,3,True,2.5,#3c3c9d,,Y
54,002000,00,00,20,24.50,Pure Sine,4.0,1,True,2.0,#0000c2,Y,Y
55,002001,01,00,20,24.68,Soft Sine,4.0,2,True,2.5,#2500c2,,Y
56,002002,02,00,20,24.87,Warm Sine,4.0,3,True,2.5,#3c00c2,,Y
57,002010,00,01,20,25.06,Pure Sine,5.0,1,True,2.0,#0025c2,,Y
58,002011,01,01,20,25.25,Soft Sine,5.0,2,True,2.5,#2525c2,,Y
59,002012,02,01,20,25.45,Warm Sine,5.0,3,True,2.5,#3c25c2,,Y
60,002020,00,02,20,25.64,Pure Sine,6.0,1,True,2.0,#003cc2,,Y
61,002021,01,02,20,25.84,Soft Sine,6.0,2,True,2.5,#253cc2,,Y
62,002022,02,02,20,26.04,Warm Sine,6.0,3,True,2.5,#3c3cc2,Y,Y
63,002100,00,00,21,26.24,Pure Sine,4.0,1,True,2.0,#0000e7,,Y
64,002101,01,00,21,26.44,Soft Sine,4.0,2,True,2.5,#2500e7,,Y
65,002102,02,00,21,26.64,Warm Sine,4.0,3,True,2.5,#3c00e7,,Y
66,002110,00,01,21,26.84,Pure Sine,5.0,1,True,2.0,#0025e7,,Y
67,002111,01,01,21,27.05,Soft Sine,5.0,2,True,2.5,#2525e7,,Y
68,002112,02,01,21,27.26,Warm Sine,5.0,3,True,2.5,#3c25e7,,Y
69,002120,00,02,21,27.46,Pure Sine,6.0,1,True,2.0,#003ce7,Y,Y
70,002121,01,02,21,27.68,Soft Sine,6.0,2,True,2.5,#253ce7,,Y
71,002122,02,02,21,27.89,Warm Sine,6.0,3,True,2.5,#3c3ce7,,Y
72,002200,00,00,22,28.10,Pure Sine,4.0,1,True,2.0,#0000fe,,Y
73,002201,01,00,22,28.32,Soft Sine,4.0,2,True,2.5,#2500fe,,Y
74,002202,02,00,22,28.53,Warm Sine,4.0,3,True,2.5,#3c00fe,,Y
75,002210,00,01,22,28.75,Pure Sine,5.0,1,True,2.0,#0025fe,,Y
76,002211,01,01,22,28.97,Soft Sine,5.0,2,True,2.5,#2525fe,,Y
77,002212,02,01,22,29.19,Warm Sine,5.0,3,True,2.5,#3c25fe,Y,Y
78,002220,00,02,22,29.42,Pure Sine,6.0,1,True,2.0,#003cfe,,Y
79,002221,01,02,22,29.64,Soft Sine,6.0,2,True,2.5,#253cfe,,Y
80,002222,02,02,22,29.87,Warm Sine,6.0,3,True,2.5,#3c3cfe,,Y
81,010000,00,10,00,30.10,Pure Sine,7.0,1,True,2.0,#006100,,Y
82,010001,01,10,00,30.33,Soft Sine,7.0,2,True,2.5,#256100,,Y
83,010002,02,10,00,30.56,Warm Sine,7.0,3,True,2.5,#3c6100,,Y
84,010010,00,11,00,30.79,Pure Sine,8.0,1,True,2.0,#008600,Y,Y
85,010011,01,11,00,31.03,Soft Sine,8.0,2,True,2.5,#258600,,Y
86,010012,02,11,00,31.27,Warm Sine,8.0,3,True,2.5,#3c8600,,Y
87,010020,00,12,00,31.51,Pure Sine,10.0,1,True,2.0,#009d00,,Y
88,010021,01,12,00,31.75,Soft Sine,10.0,2,True,2.5,#259d00,,Y
89,010022,02,12,00,31.99,Warm Sine,10.0,3,True,2.5,#3c9d00,,Y
90,010100,00,10,01,32.24,Pure Sine,7.0,1,True,2.0,#006125,,Y
91,010101,01,10,01,32.48,Soft Sine,7.0,2,True,2.5,#256125,,Y
92,010102,02,10,01,32.73,Warm Sine,7.0,3,True,2.5,#3c6125,Y,Y
93,010110,00,11,01,32.98,Pure Sine,8.0,1,True,2.0,#008625,,Y
94,010111,01,11,01,33.23,Soft Sine,8.0,2,True,2.5,#258625,,Y
95,010112,02,11,01,33.49,Warm Sine,8.0,3,True,2.5,#3c8625,,Y
96,010120,00,12,01,33.75,Pure Sine,10.0,1,True,2.0,#009d25,,Y
97,010121,01,12,01,34.00,Soft Sine,10.0,2,True,2.5,#259d25,,Y
98,010122,02,12,01,34.26,Warm Sine,10.0,3,True,2.5,#3c9d25,,Y
99,010200,00,10,02,34.53,Pure Sine,7.0,1,True,2.0,#00613c,Y,Y
100,010201,01,10,02,34.79,Soft Sine,7.0,2,True,2.5,#25613c,,Y
101,010202,02,10,02,35.06,Warm Sine,7.0,3,True,2.5,#3c613c,,Y
102,010210,00,11,02,35.33,Pure Sine,8.0,1,True,2.0,#00863c,,Y
103,010211,01,11,02,35.60,Soft Sine,8.0,2,True,2.5,#25863c,,Y
104,010212,02,11,02,35.87,Warm Sine,8.0,3,True,2.5,#3c863c,,Y
105,010220,00,12,02,36.14,Pure Sine,10.0,1,True,2.0,#009d3c,,Y
106,010221,01,12,02,36.42,Soft Sine,10.0,2,True,2.5,#259d3c,,Y
107,010222,02,12,02,36.70,Warm Sine,10.0,3,True,2.5,#3c9d3c,Y,Y
108,011000,00,10,10,36.98,Pure Sine,7.0,1,True,2.0,#006161,,Y
109,011001,01,10,10,37.26,Soft Sine,7.0,2,True,2.5,#256161,,Y
110,011002,02,10,10,37.55,Warm Sine,7.0,3,True,2.5,#3c6161,,Y
111,011010,00,11,10,37.84,Pure Sine,8.0,1,True,2.0,#008661,,Y
112,011011,01,11,10,38.13,Soft Sine,8.0,2,True,2.5,#258661,,Y
113,011012,02,11,10,38.42,Warm Sine,8.0,3,True,2.5,#3c8661,,Y
114,011020,00,12,10,38.71,Pure Sine,10.0,1,True,2.0,#009d61,,Y
115,011021,01,12,10,39.01,Soft Sine,10.0,2,True,2.5,#259d61,Y,Y
116,011022,02,12,10,39.31,Warm Sine,10.0,3,True,2.5,#3c9d61,,Y
117,011100,00,10,11,39.61,Pure Sine,7.0,1,True,2.0,#006186,,Y
118,011101,01,10,11,39.91,Soft Sine,7.0,2,True,2.5,#256186,,Y
119,011102,02,10,11,40.22,Warm Sine,7.0,3,True,2.5,#3c6186,,Y
120,011110,00,11,11,40.52,Pure Sine,8.0,1,True,2.0,#008686,,Y
121,011111,01,11,11,40.84,Soft Sine,8.0,2,True,2.5,#258686,,Y
122,011112,02,11,11,41.15,Warm Sine,8.0,3,True,2.5,#3c8686,Y,Y
123,011120,00,12,11,41.46,Pure Sine,10.0,1,True,2.0,#009d86,,Y
124,011121,01,12,11,41.78,Soft Sine,10.0,2,True,2.5,#259d86,,Y
125,011122,02,12,11,42.10,Warm Sine,10.0,3,True,2.5,#3c9d86,,Y
126,011200,00,10,12,42.42,Pure Sine,7.0,1,True,2.0,#00619d,,Y
127,011201,01,10,12,42.75,Soft Sine,7.0,2,True,2.5,#25619d,,Y
128,011202,02,10,12,43.07,Warm Sine,7.0,3,True,2.5,#3c619d,,Y
129,011210,00,11,12,43.40,Pure Sine,8.0,1,True,2.0,#00869d,,Y
130,011211,01,11,12,43.74,Soft Sine,8.0,2,True,2.5,#25869d,Y,Y
131,011212,02,11,12,44.07,Warm Sine,8.0,3,True,2.5,#3c869d,,Y
132,011220,00,12,12,44.41,Pure Sine,10.0,1,True,2.0,#009d9d,,Y
133,011221,01,12,12,44.75,Soft Sine,10.0,2,True,2.5,#259d9d,,Y
134,011222,02,12,12,45.09,Warm Sine,10.0,3,True,2.5,#3c9d9d,,Y
135,012000,00,10,20,45.44,Pure Sine,7.0,1,True,2.0,#0061c2,,Y
136,012001,01,10,20,45.78,Soft Sine,7.0,2,True,2.5,#2561c2,,Y
137,012002,02,10,20,46.14,Warm Sine,7.0,3,True,2.5,#3c61c2,Y,Y
138,012010,00,11,20,46.49,Pure Sine,8.0,1,True,2.0,#0086c2,,Y
139,012011,01,11,20,46.84,Soft Sine,8.0,2,True,2.5,#2586c2,,Y
140,012012,02,11,20,47.20,Warm Sine,8.0,3,True,2.5,#3c86c2,,Y
141,012020,00,12,20,47.56,Pure Sine,10.0,1,True,2.0,#009dc2,,Y
142,012021,01,12,20,47.93,Soft Sine,10.0,2,True,2.5,#259dc2,,Y
143,012022,02,12,20,48.30,Warm Sine,10.0,3,True,2.5,#3c9dc2,,Y
144,012100,00,10,21,48.67,Pure Sine,7.0,1,True,2.0,#0061e7,,Y
145,012101,01,10,21,49.04,Soft Sine,7.0,2,True,2.5,#2561e7,Y,Y
146,012102,02,10,21,49.41,Warm Sine,7.0,3,True,2.5,#3c61e7,,Y
147,012110,00,11,21,49.79,Pure Sine,8.0,1,True,2.0,#0086e7,,Y
148,012111,01,11,21,50.17,Soft Sine,8.0,2,True,2.5,#2586e7,,Y
149,012112,02,11,21,50.56,Warm Sine,8.0,3,True,2.5,#3c86e7,,Y
150,012120,00,12,21,50.94,Pure Sine,10.0,1,True,2.0,#009de7,,Y
151,012121,01,12,21,51.33,Soft Sine,10.0,2,True,2.5,#259de7,,Y
152,012122,02,12,21,51.73,Warm Sine,10.0,3,True,2.5,#3c9de7,Y,Y
153,012200,00,10,22,52.12,Pure Sine,7.0,1,True,2.0,#0061fe,,Y
154,012201,01,10,22,52.52,Soft Sine,7.0,2,True,2.5,#2561fe,,Y
155,012202,02,10,22,52.93,Warm Sine,7.0,3,True,2.5,#3c61fe,,Y
156,012210,00,11,22,53.33,Pure Sine,8.0,1,True,2.0,#0086fe,,Y
157,012211,01,11,22,53.74,Soft Sine,8.0,2,True,2.5,#2586fe,,Y
158,012212,02,11,22,54.15,Warm Sine,8.0,3,True,2.5,#3c86fe,,Y
159,012220,00,12,22,54.56,Pure Sine,10.0,1,True,2.0,#009dfe,,Y
160,012221,01,12,22,54.98,Soft Sine,10.0,2,True,2.5,#259dfe,Y,Y
161,012222,02,12,22,55.40,Warm Sine,10.0,3,True,2.5,#3c9dfe,,Y
162,020000,00,20,00,55.83,Pure Sine,11.0,1,True,2.0,#00c200,,Y
163,020001,01,20,00,56.26,Soft Sine,11.0,2,True,2.5,#25c200,,Y
164,020002,02,20,00,56.69,Warm Sine,11.0,3,True,2.5,#3cc200,,Y
165,020010,00,21,00,57.12,Pure Sine,12.0,1,True,2.0,#00e700,,Y
166,020011,01,21,00,57.56,Soft Sine,12.0,2,True,2.5,#25e700,,Y
167,020012,02,21,00,58.00,Warm Sine,12.0,3,True,2.5,#3ce700,,Y
168,020020,00,22,00,58.44,Pure Sine,13.0,1,True,2.0,#00fe00,Y,Y
169,020021,01,22,00,58.89,Soft Sine,13.0,2,True,2.5,#25fe00,,Y
170,020022,02,22,00,59.34,Warm Sine,13.0,3,True,2.5,#3cfe00,,Y
171,020100,00,20,01,59.79,Pure Sine,11.0,1,True,2.0,#00c225,,Y
172,020101,01,20,01,60.25,Soft Sine,11.0,2,True,2.5,#25c225,,Y
173,020102,02,20,01,60.71,Warm Sine,11.0,3,True,2.5,#3cc225,,Y
174,020110,00,21,01,61.18,Pure Sine,12.0,1,True,2.0,#00e725,,Y
175,020111,01,21,01,61.65,Soft Sine,12.0,2,True,2.5,#25e725,Y,Y
176,020112,02,21,01,62.12,Warm Sine,12.0,3,True,2.5,#3ce725,,Y
177,020120,00,22,01,62.60,Pure Sine,13.0,1,True,2.0,#00fe25,,Y
178,020121,01,22,01,63.07,Soft Sine,13.0,2,True,2.5,#25fe25,,Y
179,020122,02,22,01,63.56,Warm Sine,13.0,3,True,2.5,#3cfe25,,Y
180,020200,00,20,02,64.04,Pure Sine,11.0,1,True,2.0,#00c23c,,Y
181,020201,01,20,02,64.53,Soft Sine,11.0,2,True,2.5,#25c23c,,Y
182,020202,02,20,02,65.03,Warm Sine,11.0,3,True,2.5,#3cc23c,,Y
183,020210,00,21,02,65.53,Pure Sine,12.0,1,True,2.0,#00e73c,Y,Y
184,020211,01,21,02,66.03,Soft Sine,12.0,2,True,2.5,#25e73c,,Y
185,020212,02,21,02,66.53,Warm Sine,12.0,3,True,2.5,#3ce73c,,Y
186,020220,00,22,02,67.04,Pure Sine,13.0,1,True,2.0,#00fe3c,,Y
187,020221,01,22,02,67.56,Soft Sine,13.0,2,True,2.5,#25fe3c,,Y
188,020222,02,22,02,68.07,Warm Sine,13.0,3,True,2.5,#3cfe3c,,Y
189,021000,00,20,10,68.59,Pure Sine,11.0,1,True,2.0,#00c261,,Y
190,021001,01,20,10,69.12,Soft Sine,11.0,2,True,2.5,#25c261,Y,Y
191,021002,02,20,10,69.65,Warm Sine,11.0,3,True,2.5,#3cc261,,Y
192,021010,00,21,10,70.18,Pure Sine,12.0,1,True,2.0,#00e761,,Y
193,021011,01,21,10,70.72,Soft Sine,12.0,2,True,2.5,#25e761,,Y
194,021012,02,21,10,71.26,Warm Sine,12.0,3,True,2.5,#3ce761,,Y
195,021020,00,22,10,71.81,Pure Sine,13.0,1,True,2.0,#00fe61,,Y
196,021021,01,22,10,72.36,Soft Sine,13.0,2,True,2.5,#25fe61,,Y
197,021022,02,22,10,72.91,Warm Sine,13.0,3,True,2.5,#3cfe61,,Y
198,021100,00,20,11,73.47,Pure Sine,11.0,1,True,2.0,#00c286,Y,Y
199,021101,01,20,11,74.03,Soft Sine,11.0,2,True,2.5,#25c286,,Y
200,021102,02,20,11,74.60,Warm Sine,11.0,3,True,2.5,#3cc286,,Y
201,021110,00,21,11,75.17,Pure Sine,12.0,1,True,2.0,#00e786,,Y
202,021111,01,21,11,75.75,Soft Sine,12.0,2,True,2.5,#25e786,,Y
203,021112,02,21,11,76.33,Warm Sine,12.0,3,True,2.5,#3ce786,,Y
204,021120,00,22,11,76.91,Pure Sine,13.0,1,True,2.0,#00fe86,,Y
205,021121,01,22,11,77.50,Soft Sine,13.0,2,True,2.5,#25fe86,Y,Y
206,021122,02,22,11,78.09,Warm Sine,13.0,3,True,2.5,#3cfe86,,Y
207,021200,00,20,12,78.69,Pure Sine,11.0,1,True,2.0,#00c29d,,Y
208,021201,01,20,12,79.29,Soft Sine,11.0,2,True,2.5,#25c29d,,Y
209,021202,02,20,12,79.90,Warm Sine,11.0,3,True,2.5,#3cc29d,,Y
210,021210,00,21,12,80.51,Pure Sine,12.0,1,True,2.0,#00e79d,,Y
211,021211,01,21,12,81.13,Soft Sine,12.0,2,True,2.5,#25e79d,,Y
212,021212,02,21,12,81.75,Warm Sine,12.0,3,True,2.5,#3ce79d,,Y
213,021220,00,22,12,82.37,Pure Sine,13.0,1,True,2.0,#00fe9d,Y,Y
214,021221,01,22,12,83.01,Soft Sine,13.0,2,True,2.5,#25fe9d,,Y
215,021222,02,22,12,83.64,Warm Sine,13.0,3,True,2.5,#3cfe9d,,Y
216,022000,00,20,20,84.28,Pure Sine,11.0,1,True,2.0,#00c2c2,,Y
217,022001,01,20,20,84.93,Soft Sine,11.0,2,True,2.5,#25c2c2,,Y
218,022002,02,20,20,85.58,Warm Sine,11.0,3,True,2.5,#3cc2c2,,Y
219,022010,00,21,20,86.23,Pure Sine,12.0,1,True,2.0,#00e7c2,,Y
220,022011,01,21,20,86.89,Soft Sine,12.0,2,True,2.5,#25e7c2,,Y
221,022012,02,21,20,87.56,Warm Sine,12.0,3,True,2.5,#3ce7c2,Y,Y
222,022020,00,22,20,88.23,Pure Sine,13.0,1,True,2.0,#00fec2,,Y
223,022021,01,22,20,88.90,Soft Sine,13.0,2,True,2.5,#25fec2,,Y
224,022022,02,22,20,89.58,Warm Sine,13.0,3,True,2.5,#3cfec2,,Y
225,022100,00,20,21,90.27,Pure Sine,11.0,1,True,2.0,#00c2e7,,Y
226,022101,01,20,21,90.96,Soft Sine,11.0,2,True,2.5,#25c2e7,,Y
227,022102,02,20,21,91.66,Warm Sine,11.0,3,True,2.5,#3cc2e7,,Y
228,022110,00,21,21,92.36,Pure Sine,12.0,1,True,2.0,#00e7e7,Y,Y
229,022111,01,21,21,93.07,Soft Sine,12.0,2,True,2.5,#25e7e7,,Y
230,022112,02,21,21,93.78,Warm Sine,12.0,3,True,2.5,#3ce7e7,,Y
231,022120,00,22,21,94.50,Pure Sine,13.0,1,True,2.0,#00fee7,,Y
232,022121,01,22,21,95.22,Soft Sine,13.0,2,True,2.5,#25fee7,,Y
233,022122,02,22,21,95.95,Warm Sine,13.0,3,True,2.5,#3cfee7,,Y
234,022200,00,20,22,96.69,Pure Sine,11.0,1,True,2.0,#00c2fe,,Y
235,022201,01,20,22,97.43,Soft Sine,11.0,2,True,2.5,#25c2fe,,Y
236,022202,02,20,22,98.17,Warm Sine,11.0,3,True,2.5,#3cc2fe,Y,Y
237,022210,00,21,22,98.92,Pure Sine,12.0,1,True,2.0,#00e7fe,,Y
238,022211,01,21,22,99.68,Soft Sine,12.0,2,True,2.5,#25e7fe,,Y
239,022212,02,21,22,100.44,Warm Sine,12.0,3,True,2.5,#3ce7fe,,Y
240,022220,00,22,22,101.21,Pure Sine,13.0,1,True,2.0,#00fefe,,Y
241,022221,01,22,22,101.99,Soft Sine,13.0,2,True,2.5,#25fefe,,Y
242,022222,02,22,22,102.77,Warm Sine,13.0,3,True,2.5,#3cfefe,,Y
243,100000,10,00,00,103.56,Soft Triangle,4.0,5,True,2.0,#610000,Y,Y
244,100001,11,00,00,104.35,Triangle,4.0,7,True,2.0,#860000,,Y
245,100002,12,00,00,105.15,Bright Triangle,4.0,9,True,1.8,#9d0000,,Y
246,100010,10,01,00,105.95,Soft Triangle,5.0,5,True,2.0,#612500,,Y
247,100011,11,01,00,106.76,Triangle,5.0,7,True,2.0,#862500,,Y
248,100012,12,01,00,107.58,Bright Triangle,5.0,9,True,1.8,#9d2500,,Y
249,100020,10,02,00,108.41,Soft Triangle,6.0,5,True,2.0,#613c00,,Y
250,100021,11,02,00,109.24,Triangle,6.0,7,True,2.0,#863c00,,Y
251,100022,12,02,00,110.07,Bright Triangle,6.0,9,True,1.8,#9d3c00,Y,Y
252,100100,10,00,01,110.91,Soft Triangle,4.0,5,True,2.0,#610025,,Y
253,100101,11,00,01,111.76,Triangle,4.0,7,True,2.0,#860025,,Y
254,100102,12,00,01,112.62,Bright Triangle,4.0,9,True,1.8,#9d0025,,Y
255,100110,10,01,01,113.48,Soft Triangle,5.0,5,True,2.0,#612525,,Y
256,100111,11,01,01,114.35,Triangle,5.0,7,True,2.0,#862525,,Y
257,100112,12,01,01,115.23,Bright Triangle,5.0,9,True,1.8,#9d2525,,Y
258,100120,10,02,01,116.11,Soft Triangle,6.0,5,True,2.0,#613c25,Y,Y
259,100121,11,02,01,117.00,Triangle,6.0,7,True,2.0,#863c25,,Y
260,100122,12,02,01,117.89,Bright Triangle,6.0,9,True,1.8,#9d3c25,,Y
261,100200,10,00,02,118.80,Soft Triangle,4.0,5,True,2.0,#61003c,,Y
262,100201,11,00,02,119.71,Triangle,4.0,7,True,2.0,#86003c,,Y
263,100202,12,00,02,120.62,Bright Triangle,4.0,9,True,1.8,#9d003c,,Y
264,100210,10,01,02,121.55,Soft Triangle,5.0,5,True,2.0,#61253c,,Y
265,100211,11,01,02,122.48,Triangle,5.0,7,True,2.0,#86253c,,Y
266,100212,12,01,02,123.41,Bright Triangle,5.0,9,True,1.8,#9d253c,Y,Y
267,100220,10,02,02,124.36,Soft Triangle,6.0,5,True,2.0,#613c3c,,Y
268,100221,11,02,02,125.31,Triangle,6.0,7,True,2.0,#863c3c,,Y
269,100222,12,02,02,126.27,Bright Triangle,6.0,9,True,1.8,#9d3c3c,,Y
270,101000,10,00,10,127.24,Soft Triangle,4.0,5,True,2.0,#610061,,Y
271,101001,11,00,10,128.21,Triangle,4.0,7,True,2.0,#860061,,Y
272,101002,12,00,10,129.19,Bright Triangle,4.0,9,True,1.8,#9d0061,,Y
273,101010,10,01,10,130.18,Soft Triangle,5.0,5,True,2.0,#612561,,Y
274,101011,11,01,10,131.18,Triangle,5.0,7,True,2.0,#862561,Y,Y
275,101012,12,01,10,132.18,Bright Triangle,5.0,9,True,1.8,#9d2561,,Y
276,101020,10,02,10,133.20,Soft Triangle,6.0,5,True,2.0,#613c61,,Y
277,101021,11,02,10,134.22,Triangle,6.0,7,True,2.0,#863c61,,Y
278,101022,12,02,10,135.24,Bright Triangle,6.0,9,True,1.8,#9d3c61,,Y
279,101100,10,00,11,136.28,Soft Triangle,4.0,5,True,2.0,#610086,,Y
280,101101,11,00,11,137.32,Triangle,4.0,7,True,2.0,#860086,,Y
281,101102,12,00,11,138.37,Bright Triangle,4.0,9,True,1.8,#9d0086,Y,Y
282,101110,10,01,11,139.43,Soft Triangle,5.0,5,True,2.0,#612586,,Y
283,101111,11,01,11,140.50,Triangle,5.0,7,True,2.0,#862586,,Y
284,101112,12,01,11,141.58,Bright Triangle,5.0,9,True,1.8,#9d2586,,Y
285,101120,10,02,11,142.66,Soft Triangle,6.0,5,True,2.0,#613c86,,Y
286,101121,11,02,11,143.75,Triangle,6.0,7,True,2.0,#863c86,,Y
287,101122,12,02,11,144.85,Bright Triangle,6.0,9,True,1.8,#9d3c86,,Y
288,101200,10,00,12,145.96,Soft Triangle,4.0,5,True,2.0,#61009d,,Y
289,101201,11,00,12,147.08,Triangle,4.0,7,True,2.0,#86009d,Y,Y
290,101202,12,00,12,148.21,Bright Triangle,4.0,9,True,1.8,#9d009d,,Y
291,101210,10,01,12,149.34,Soft Triangle,5.0,5,True,2.0,#61259d,,Y
292,101211,11,01,12,150.48,Triangle,5.0,7,True,2.0,#86259d,,Y
293,101212,12,01,12,151.64,Bright Triangle,5.0,9,True,1.8,#9d259d,,Y
294,101220,10,02,12,152.80,Soft Triangle,6.0,5,True,2.0,#613c9d,,Y
295,101221,11,02,12,153.97,Triangle,6.0,7,True,2.0,#863c9d,,Y
296,101222,12,02,12,155.15,Bright Triangle,6.0,9,True,1.8,#9d3c9d,Y,Y
297,102000,10,00,20,156.33,Soft Triangle,4.0,5,True,2.0,#6100c2,,Y
298,102001,11,00,20,157.53,Triangle,4.0,7,True,2.0,#8600c2,,Y
299,102002,12,00,20,158.74,Bright Triangle,4.0,9,True,1.8,#9d00c2,,Y
300,102010,10,01,20,159.95,Soft Triangle,5.0,5,True,2.0,#6125c2,,Y
301,102011,11,01,20,161.18,Triangle,5.0,7,True,2.0,#8625c2,,Y
302,102012,12,01,20,162.41,Bright Triangle,5.0,9,True,1.8,#9d25c2,,Y
303,102020,10,02,20,163.66,Soft Triangle,6.0,5,True,2.0,#613cc2,,Y
304,102021,11,02,20,164.91,Triangle,6.0,7,True,2.0,#863cc2,Y,Y
305,102022,12,02,20,166.17,Bright Triangle,6.0,9,True,1.8,#9d3cc2,,Y
306,102100,10,00,21,167.44,Soft Triangle,4.0,5,True,2.0,#6100e7,,Y
307,102101,11,00,21,168.73,Triangle,4.0,7,True,2.0,#8600e7,,Y
308,102102,12,00,21,170.02,Bright Triangle,4.0,9,True,1.8,#9d00e7,,Y
309,102110,10,01,21,171.32,Soft Triangle,5.0,5,True,2.0,#6125e7,,Y
310,102111,11,01,21,172.63,Triangle,5.0,7,True,2.0,#8625e7,,Y
311,102112,12,01,21,173.95,Bright Triangle,5.0,9,True,1.8,#9d25e7,Y,Y
312,102120,10,02,21,175.29,Soft Triangle,6.0,5,True,2.0,#613ce7,,Y
313,102121,11,02,21,176.63,Triangle,6.0,7,True,2.0,#863ce7,,Y
314,102122,12,02,21,177.98,Bright Triangle,6.0,9,True,1.8,#9d3ce7,,Y
315,102200,10,00,22,179.34,Soft Triangle,4.0,5,True,2.0,#6100fe,,Y
316,102201,11,00,22,180.72,Triangle,4.0,7,True,2.0,#8600fe,,Y
317,102202,12,00,22,182.10,Bright Triangle,4.0,9,True,1.8,#9d00fe,,Y
318,102210,10,01,22,183.49,Soft Triangle,5.0,5,True,2.0,#6125fe,,Y
319,102211,11,01,22,184.90,Triangle,5.0,7,True,2.0,#8625fe,Y,Y
320,102212,12,01,22,186.31,Bright Triangle,5.0,9,True,1.8,#9d25fe,,Y
321,102220,10,02,22,187.74,Soft Triangle,6.0,5,True,2.0,#613cfe,,Y
322,102221,11,02,22,189.18,Triangle,6.0,7,True,2.0,#863cfe,,Y
323,102222,12,02,22,190.63,Bright Triangle,6.0,9,True,1.8,#9d3cfe,,Y
324,110000,10,10,00,192.09,Soft Triangle,7.0,5,True,2.0,#616100,,Y
325,110001,11,10,00,193.56,Triangle,7.0,7,True,2.0,#866100,,Y
326,110002,12,10,00,195.04,Bright Triangle,7.0,9,True,1.8,#9d6100,,Y
327,110010,10,11,00,196.53,Soft Triangle,8.0,5,True,2.0,#618600,Y,Y
328,110011,11,11,00,198.04,Triangle,8.0,7,True,2.0,#868600,,Y
329,110012,12,11,00,199.55,Bright Triangle,8.0,9,True,1.8,#9d8600,,Y
330,110020,10,12,00,201.08,Soft Triangle,10.0,5,True,2.0,#619d00,,Y
331,110021,11,12,00,202.62,Triangle,10.0,7,True,2.0,#869d00,,Y
332,110022,12,12,00,204.17,Bright Triangle,10.0,9,True,1.8,#9d9d00,,Y
333,110100,10,10,01,205.74,Soft Triangle,7.0,5,True,2.0,#616125,,Y
334,110101,11,10,01,207.31,Triangle,7.0,7,True,2.0,#866125,Y,Y
335,110102,12,10,01,208.90,Bright Triangle,7.0,9,True,1.8,#9d6125,,Y
336,110110,10,11,01,210.50,Soft Triangle,8.0,5,True,2.0,#618625,,Y
337,110111,11,11,01,212.11,Triangle,8.0,7,True,2.0,#868625,,Y
338,110112,12,11,01,213.73,Bright Triangle,8.0,9,True,1.8,#9d8625,,Y
339,110120,10,12,01,215.37,Soft Triangle,10.0,5,True,2.0,#619d25,,Y
340,110121,11,12,01,217.02,Triangle,10.0,7,True,2.0,#869d25,,Y
341,110122,12,12,01,218.68,Bright Triangle,10.0,9,True,1.8,#9d9d25,,Y
342,110200,10,10,02,220.36,Soft Triangle,7.0,5,True,2.0,#61613c,Y,Y
343,110201,11,10,02,222.04,Triangle,7.0,7,True,2.0,#86613c,,Y
344,110202,12,10,02,223.74,Bright Triangle,7.0,9,True,1.8,#9d613c,,Y
345,110210,10,11,02,225.46,Soft Triangle,8.0,5,True,2.0,#61863c,,Y
346,110211,11,11,02,227.18,Triangle,8.0,7,True,2.0,#86863c,,Y
347,110212,12,11,02,228.92,Bright Triangle,8.0,9,True,1.8,#9d863c,,Y
348,110220,10,12,02,230.67,Soft Triangle,10.0,5,True,2.0,#619d3c,,Y
349,110221,11,12,02,232.44,Triangle,10.0,7,True,2.0,#869d3c,Y,Y
350,110222,12,12,02,234.22,Bright Triangle,10.0,9,True,1.8,#9d9d3c,,Y
351,111000,10,10,10,236.01,Soft Triangle,7.0,5,True,2.0,#616161,,Y
352,111001,11,10,10,237.82,Triangle,7.0,7,True,2.0,#866161,,Y
353,111002,12,10,10,239.64,Bright Triangle,7.0,9,True,1.8,#9d6161,,Y
354,111010,10,11,10,241.48,Soft Triangle,8.0,5,True,2.0,#618661,,Y
355,111011,11,11,10,243.33,Triangle,8.0,7,True,2.0,#868661,,Y
356,111012,12,11,10,245.19,Bright Triangle,8.0,9,True,1.8,#9d8661,,Y
357,111020,10,12,10,247.07,Soft Triangle,10.0,5,True,2.0,#619d61,Y,Y
358,111021,11,12,10,248.96,Triangle,10.0,7,True,2.0,#869d61,,Y
359,111022,12,12,10,250.86,Bright Triangle,10.0,9,True,1.8,#9d9d61,,Y
360,111100,10,10,11,252.79,Soft Triangle,7.0,5,True,2.0,#616186,,Y
361,111101,11,10,11,254.72,Triangle,7.0,7,True,2.0,#866186,,Y
362,111102,12,10,11,256.67,Bright Triangle,7.0,9,True,1.8,#9d6186,,Y
363,111110,10,11,11,258.64,Soft Triangle,8.0,5,True,2.0,#618686,,Y
364,111111,11,11,11,260.62,Triangle,8.0,7,True,2.0,#868686,Y,Y
365,111112,12,11,11,262.61,Bright Triangle,8.0,9,True,1.8,#9d8686,,Y
366,111120,10,12,11,264.62,Soft Triangle,10.0,5,True,2.0,#619d86,,Y
367,111121,11,12,11,266.65,Triangle,10.0,7,True,2.0,#869d86,,Y
368,111122,12,12,11,268.69,Bright Triangle,10.0,9,True,1.8,#9d9d86,,Y
369,111200,10,10,12,270.75,Soft Triangle,7.0,5,True,2.0,#61619d,,Y
370,111201,11,10,12,272.82,Triangle,7.0,7,True,2.0,#86619d,,Y
371,111202,12,10,12,274.91,Bright Triangle,7.0,9,True,1.8,#9d619d,,Y
372,111210,10,11,12,277.01,Soft Triangle,8.0,5,True,2.0,#61869d,Y,Y
373,111211,11,11,12,279.14,Triangle,8.0,7,True,2.0,#86869d,,Y
374,111212,12,11,12,281.27,Bright Triangle,8.0,9,True,1.8,#9d869d,,Y
375,111220,10,12,12,283.43,Soft Triangle,10.0,5,True,2.0,#619d9d,,Y
376,111221,11,12,12,285.60,Triangle,10.0,7,True,2.0,#869d9d,,Y
377,111222,12,12,12,287.78,Bright Triangle,10.0,9,True,1.8,#9d9d9d,,Y
378,112000,10,10,20,289.99,Soft Triangle,7.0,5,True,2.0,#6161c2,,Y
379,112001,11,10,20,292.21,Triangle,7.0,7,True,2.0,#8661c2,,Y
380,112002,12,10,20,294.45,Bright Triangle,7.0,9,True,1.8,#9d61c2,Y,Y
381,112010,10,11,20,296.70,Soft Triangle,8.0,5,True,2.0,#6186c2,,Y
382,112011,11,11,20,298.97,Triangle,8.0,7,True,2.0,#8686c2,,Y
383,112012,12,11,20,301.26,Bright Triangle,8.0,9,True,1.8,#9d86c2,,Y
384,112020,10,12,20,303.57,Soft Triangle,10.0,5,True,2.0,#619dc2,,Y
385,112021,11,12,20,305.89,Triangle,10.0,7,True,2.0,#869dc2,,Y
386,112022,12,12,20,308.23,Bright Triangle,10.0,9,True,1.8,#9d9dc2,,Y
387,112100,10,10,21,310.59,Soft Triangle,7.0,5,True,2.0,#6161e7,Y,Y
388,112101,11,10,21,312.97,Triangle,7.0,7,True,2.0,#8661e7,,Y
389,112102,12,10,21,315.37,Bright Triangle,7.0,9,True,1.8,#9d61e7,,Y
390,112110,10,11,21,317.78,Soft Triangle,8.0,5,True,2.0,#6186e7,,Y
391,112111,11,11,21,320.22,Triangle,8.0,7,True,2.0,#8686e7,,Y
392,112112,12,11,21,322.67,Bright Triangle,8.0,9,True,1.8,#9d86e7,,Y
393,112120,10,12,21,325.14,Soft Triangle,10.0,5,True,2.0,#619de7,,Y
394,112121,11,12,21,327.63,Triangle,10.0,7,True,2.0,#869de7,,Y
395,112122,12,12,21,330.14,Bright Triangle,10.0,9,True,1.8,#9d9de7,Y,Y
396,112200,10,10,22,332.66,Soft Triangle,7.0,5,True,2.0,#6161fe,,Y
397,112201,11,10,22,335.21,Triangle,7.0,7,True,2.0,#8661fe,,Y
398,112202,12,10,22,337.78,Bright Triangle,7.0,9,True,1.8,#9d61fe,,Y
399,112210,10,11,22,340.36,Soft Triangle,8.0,5,True,2.0,#6186fe,,Y
400,112211,11,11,22,342.97,Triangle,8.0,7,True,2.0,#8686fe,,Y
401,112212,12,11,22,345.60,Bright Triangle,8.0,9,True,1.8,#9d86fe,,Y
402,112220,10,12,22,348.24,Soft Triangle,10.0,5,True,2.0,#619dfe,Y,Y
403,112221,11,12,22,350.91,Triangle,10.0,7,True,2.0,#869dfe,,Y
404,112222,12,12,22,353.60,Bright Triangle,10.0,9,True,1.8,#9d9dfe,,Y
405,120000,10,20,00,356.30,Soft Triangle,11.0,5,True,2.0,#61c200,,Y
406,120001,11,20,00,359.03,Triangle,11.0,7,True,2.0,#86c200,,Y
407,120002,12,20,00,361.78,Bright Triangle,11.0,9,True,1.8,#9dc200,,Y
408,120010,10,21,00,364.55,Soft Triangle,12.0,5,True,2.0,#61e700,,Y
409,120011,11,21,00,367.34,Triangle,12.0,7,True,2.0,#86e700,,Y
410,120012,12,21,00,370.15,Bright Triangle,12.0,9,True,1.8,#9de700,Y,Y
411,120020,10,22,00,372.99,Soft Triangle,13.0,5,True,2.0,#61fe00,,Y
412,120021,11,22,00,375.84,Triangle,13.0,7,True,2.0,#86fe00,,Y
413,120022,12,22,00,378.72,Bright Triangle,13.0,9,True,1.8,#9dfe00,,Y
414,120100,10,20,01,381.62,Soft Triangle,11.0,5,True,2.0,#61c225,,Y
415,120101,11,20,01,384.54,Triangle,11.0,7,True,2.0,#86c225,,Y
416,120102,12,20,01,387.49,Bright Triangle,11.0,9,True,1.8,#9dc225,,Y
417,120110,10,21,01,390.46,Soft Triangle,12.0,5,True,2.0,#61e725,,Y
418,120111,11,21,01,393.45,Triangle,12.0,7,True,2.0,#86e725,Y,Y
419,120112,12,21,01,396.46,Bright Triangle,12.0,9,True,1.8,#9de725,,Y
420,120120,10,22,01,399.49,Soft Triangle,13.0,5,True,2.0,#61fe25,,Y
421,120121,11,22,01,402.55,Triangle,13.0,7,True,2.0,#86fe25,,Y
422,120122,12,22,01,405.63,Bright Triangle,13.0,9,True,1.8,#9dfe25,,Y
423,120200,10,20,02,408.74,Soft Triangle,11.0,5,True,2.0,#61c23c,,Y
424,120201,11,20,02,411.87,Triangle,11.0,7,True,2.0,#86c23c,,Y
425,120202,12,20,02,415.02,Bright Triangle,11.0,9,True,1.8,#9dc23c,Y,Y
426,120210,10,21,02,418.20,Soft Triangle,12.0,5,True,2.0,#61e73c,,Y
427,120211,11,21,02,421.40,Triangle,12.0,7,True,2.0,#86e73c,,Y
428,120212,12,21,02,424.63,Bright Triangle,12.0,9,True,1.8,#9de73c,,Y
429,120220,10,22,02,427.88,Soft Triangle,13.0,5,True,2.0,#61fe3c,,Y
430,120221,11,22,02,431.16,Triangle,13.0,7,True,2.0,#86fe3c,,Y
431,120222,12,22,02,434.46,Bright Triangle,13.0,9,True,1.8,#9dfe3c,,Y
432,121000,10,20,10,437.79,Soft Triangle,11.0,5,True,2.0,#61c261,,Y
433,121001,11,20,10,441.14,Triangle,11.0,7,True,2.0,#86c261,Y,Y
434,121002,12,20,10,444.51,Bright Triangle,11.0,9,True,1.8,#9dc261,,Y
435,121010,10,21,10,447.92,Soft Triangle,12.0,5,True,2.0,#61e761,,Y
436,121011,11,21,10,451.35,Triangle,12.0,7,True,2.0,#86e761,,Y
437,121012,12,21,10,454.80,Bright Triangle,12.0,9,True,1.8,#9de761,,Y
438,121020,10,22,10,458.29,Soft Triangle,13.0,5,True,2.0,#61fe61,,Y
439,121021,11,22,10,461.80,Triangle,13.0,7,True,2.0,#86fe61,,Y
440,121022,12,22,10,465.33,Bright Triangle,13.0,9,True,1.8,#9dfe61,Y,Y
441,121100,10,20,11,468.89,Soft Triangle,11.0,5,True,2.0,#61c286,,Y
442,121101,11,20,11,472.48,Triangle,11.0,7,True,2.0,#86c286,,Y
443,121102,12,20,11,476.10,Bright Triangle,11.0,9,True,1.8,#9dc286,,Y
444,121110,10,21,11,479.75,Soft Triangle,12.0,5,True,2.0,#61e786,,Y
445,121111,11,21,11,483.42,Triangle,12.0,7,True,2.0,#86e786,,Y
446,121112,12,21,11,487.12,Bright Triangle,12.0,9,True,1.8,#9de786,,Y
447,121120,10,22,11,490.85,Soft Triangle,13.0,5,True,2.0,#61fe86,,Y
448,121121,11,22,11,494.61,Triangle,13.0,7,True,2.0,#86fe86,Y,Y
449,121122,12,22,11,498.40,Bright Triangle,13.0,9,True,1.8,#9dfe86,,Y
450,121200,10,20,12,502.21,Soft Triangle,11.0,5,True,2.0,#61c29d,,Y
451,121201,11,20,12,506.06,Triangle,11.0,7,True,2.0,#86c29d,,Y
452,121202,12,20,12,509.93,Bright Triangle,11.0,9,True,1.8,#9dc29d,,Y
453,121210,10,21,12,513.84,Soft Triangle,12.0,5,True,2.0,#61e79d,,Y
454,121211,11,21,12,517.77,Triangle,12.0,7,True,2.0,#86e79d,,Y
455,121212,12,21,12,521.74,Bright Triangle,12.0,9,True,1.8,#9de79d,Y,Y
456,121220,10,22,12,525.73,Soft Triangle,13.0,5,True,2.0,#61fe9d,,Y
457,121221,11,22,12,529.76,Triangle,13.0,7,True,2.0,#86fe9d,,Y
458,121222,12,22,12,533.81,Bright Triangle,13.0,9,True,1.8,#9dfe9d,,Y
459,122000,10,20,20,537.90,Soft Triangle,11.0,5,True,2.0,#61c2c2,,Y
460,122001,11,20,20,542.02,Triangle,11.0,7,True,2.0,#86c2c2,,Y
461,122002,12,20,20,546.17,Bright Triangle,11.0,9,True,1.8,#9dc2c2,,Y
462,122010,10,21,20,550.35,Soft Triangle,12.0,5,True,2.0,#61e7c2,,Y
463,122011,11,21,20,554.57,Triangle,12.0,7,True,2.0,#86e7c2,Y,Y
464,122012,12,21,20,558.81,Bright Triangle,12.0,9,True,1.8,#9de7c2,,Y
465,122020,10,22,20,563.09,Soft Triangle,13.0,5,True,2.0,#61fec2,,Y
466,122021,11,22,20,567.40,Triangle,13.0,7,True,2.0,#86fec2,,Y
467,122022,12,22,20,571.75,Bright Triangle,13.0,9,True,1.8,#9dfec2,,Y
468,122100,10,20,21,576.12,Soft Triangle,11.0,5,True,2.0,#61c2e7,,Y
469,122101,11,20,21,580.53,Triangle,11.0,7,True,2.0,#86c2e7,,Y
470,122102,12,20,21,584.98,Bright Triangle,11.0,9,True,1.8,#9dc2e7,,Y
471,122110,10,21,21,589.46,Soft Triangle,12.0,5,True,2.0,#61e7e7,Y,Y
472,122111,11,21,21,593.97,Triangle,12.0,7,True,2.0,#86e7e7,,Y
473,122112,12,21,21,598.52,Bright Triangle,12.0,9,True,1.8,#9de7e7,,Y
474,122120,10,22,21,603.10,Soft Triangle,13.0,5,True,2.0,#61fee7,,Y
475,122121,11,22,21,607.72,Triangle,13.0,7,True,2.0,#86fee7,,Y
476,122122,12,22,21,612.37,Bright Triangle,13.0,9,True,1.8,#9dfee7,,Y
477,122200,10,20,22,617.06,Soft Triangle,11.0,5,True,2.0,#61c2fe,,Y
478,122201,11,20,22,621.79,Triangle,11.0,7,True,2.0,#86c2fe,Y,Y
479,122202,12,20,22,626.55,Bright Triangle,11.0,9,True,1.8,#9dc2fe,,Y
480,122210,10,21,22,631.35,Soft Triangle,12.0,5,True,2.0,#61e7fe,,Y
481,122211,11,21,22,636.18,Triangle,12.0,7,True,2.0,#86e7fe,,Y
482,122212,12,21,22,641.05,Bright Triangle,12.0,9,True,1.8,#9de7fe,,Y
483,122220,10,22,22,645.96,Soft Triangle,13.0,5,True,2.0,#61fefe,,Y
484,122221,11,22,22,650.91,Triangle,13.0,7,True,2.0,#86fefe,,Y
485,122222,12,22,22,655.89,Bright Triangle,13.0,9,True,1.8,#9dfefe,,Y
486,200000,20,00,00,660.91,Soft Sawtooth,4.0,5,False,1.5,#c20000,Y,Y
487,200001,21,00,00,665.97,Sawtooth,4.0,7,False,1.2,#e70000,,Y
488,200002,22,00,00,671.07,Full Sawtooth,4.0,9,False,1.0,#fe0000,,Y
489,200010,20,01,00,676.21,Soft Sawtooth,5.0,5,False,1.5,#c22500,,Y
490,200011,21,01,00,681.39,Sawtooth,5.0,7,False,1.2,#e72500,,Y
491,200012,22,01,00,686.60,Full Sawtooth,5.0,9,False,1.0,#fe2500,,Y
492,200020,20,02,00,691.86,Soft Sawtooth,6.0,5,False,1.5,#c23c00,,Y
493,200021,21,02,00,697.16,Sawtooth,6.0,7,False,1.2,#e73c00,Y,Y
494,200022,22,02,00,702.50,Full Sawtooth,6.0,9,False,1.0,#fe3c00,,Y
495,200100,20,00,01,707.88,Soft Sawtooth,4.0,5,False,1.5,#c20025,,Y
496,200101,21,00,01,713.30,Sawtooth,4.0,7,False,1.2,#e70025,,Y
497,200102,22,00,01,718.76,Full Sawtooth,4.0,9,False,1.0,#fe0025,,Y
498,200110,20,01,01,724.26,Soft Sawtooth,5.0,5,False,1.5,#c22525,,Y
499,200111,21,01,01,729.81,Sawtooth,5.0,7,False,1.2,#e72525,,Y
500,200112,22,01,01,735.39,Full Sawtooth,5.0,9,False,1.0,#fe2525,,Y
501,200120,20,02,01,741.02,Soft Sawtooth,6.0,5,False,1.5,#c23c25,Y,Y
502,200121,21,02,01,746.70,Sawtooth,6.0,7,False,1.2,#e73c25,,Y
503,200122,22,02,01,752.42,Full Sawtooth,6.0,9,False,1.0,#fe3c25,,Y
504,200200,20,00,02,758.18,Soft Sawtooth,4.0,5,False,1.5,#c2003c,,Y
505,200201,21,00,02,763.98,Sawtooth,4.0,7,False,1.2,#e7003c,,Y
506,200202,22,00,02,769.83,Full Sawtooth,4.0,9,False,1.0,#fe003c,,Y
507,200210,20,01,02,775.73,Soft Sawtooth,5.0,5,False,1.5,#c2253c,,Y
508,200211,21,01,02,781.67,Sawtooth,5.0,7,False,1.2,#e7253c,Y,Y
509,200212,22,01,02,787.65,Full Sawtooth,5.0,9,False,1.0,#fe253c,,Y
510,200220,20,02,02,793.68,Soft Sawtooth,6.0,5,False,1.5,#c23c3c,,Y
511,200221,21,02,02,799.76,Sawtooth,6.0,7,False,1.2,#e73c3c,,Y
512,200222,22,02,02,805.88,Full Sawtooth,6.0,9,False,1.0,#fe3c3c,,Y
513,201000,20,00,10,812.05,Soft Sawtooth,4.0,5,False,1.5,#c20061,,Y
514,201001,21,00,10,818.27,Sawtooth,4.0,7,False,1.2,#e70061,,Y
515,201002,22,00,10,824.54,Full Sawtooth,4.0,9,False,1.0,#fe0061,,Y
516,201010,20,01,10,830.85,Soft Sawtooth,5.0,5,False,1.5,#c22561,Y,Y
517,201011,21,01,10,837.21,Sawtooth,5.0,7,False,1.2,#e72561,,Y
518,201012,22,01,10,843.62,Full Sawtooth,5.0,9,False,1.0,#fe2561,,Y
519,201020,20,02,10,850.08,Soft Sawtooth,6.0,5,False,1.5,#c23c61,,Y
520,201021,21,02,10,856.59,Sawtooth,6.0,7,False,1.2,#e73c61,,Y
521,201022,22,02,10,863.15,Full Sawtooth,6.0,9,False,1.0,#fe3c61,,Y
522,201100,20,00,11,869.76,Soft Sawtooth,4.0,5,False,1.5,#c20086,,Y
523,201101,21,00,11,876.42,Sawtooth,4.0,7,False,1.2,#e70086,,Y
524,201102,22,00,11,883.13,Full Sawtooth,4.0,9,False,1.0,#fe0086,Y,Y
525,201110,20,01,11,889.89,Soft Sawtooth,5.0,5,False,1.5,#c22586,,Y
526,201111,21,01,11,896.70,Sawtooth,5.0,7,False,1.2,#e72586,,Y
527,201112,22,01,11,903.57,Full Sawtooth,5.0,9,False,1.0,#fe2586,,Y
528,201120,20,02,11,910.49,Soft Sawtooth,6.0,5,False,1.5,#c23c86,,Y
529,201121,21,02,11,917.46,Sawtooth,6.0,7,False,1.2,#e73c86,,Y
530,201122,22,02,11,924.48,Full Sawtooth,6.0,9,False,1.0,#fe3c86,,Y
531,201200,20,00,12,931.56,Soft Sawtooth,4.0,5,False,1.5,#c2009d,Y,Y
532,201201,21,00,12,938.69,Sawtooth,4.0,7,False,1.2,#e7009d,,Y
533,201202,22,00,12,945.88,Full Sawtooth,4.0,9,False,1.0,#fe009d,,Y
534,201210,20,01,12,953.12,Soft Sawtooth,5.0,5,False,1.5,#c2259d,,Y
535,201211,21,01,12,960.42,Sawtooth,5.0,7,False,1.2,#e7259d,,Y
536,201212,22,01,12,967.78,Full Sawtooth,5.0,9,False,1.0,#fe259d,,Y
537,201220,20,02,12,975.19,Soft Sawtooth,6.0,5,False,1.5,#c23c9d,,Y
538,201221,21,02,12,982.65,Sawtooth,6.0,7,False,1.2,#e73c9d,,Y
539,201222,22,02,12,990.18,Full Sawtooth,6.0,9,False,1.0,#fe3c9d,Y,Y
540,202000,20,00,20,997.76,Soft Sawtooth,4.0,5,False,1.5,#c200c2,,Y
541,202001,21,00,20,1005.40,Sawtooth,4.0,7,False,1.2,#e700c2,,Y
542,202002,22,00,20,1013.10,Full Sawtooth,4.0,9,False,1.0,#fe00c2,,Y
543,202010,20,01,20,1020.85,Soft Sawtooth,5.0,5,False,1.5,#c225c2,,Y
544,202011,21,01,20,1028.67,Sawtooth,5.0,7,False,1.2,#e725c2,,Y
545,202012,22,01,20,1036.54,Full Sawtooth,5.0,9,False,1.0,#fe25c2,,Y
546,202020,20,02,20,1044.48,Soft Sawtooth,6.0,5,False,1.5,#c23cc2,Y,Y
547,202021,21,02,20,1052.48,Sawtooth,6.0,7,False,1.2,#e73cc2,,Y
548,202022,22,02,20,1060.54,Full Sawtooth,6.0,9,False,1.0,#fe3cc2,,Y
549,202100,20,00,21,1068.66,Soft Sawtooth,4.0,5,False,1.5,#c200e7,,Y
550,202101,21,00,21,1076.84,Sawtooth,4.0,7,False,1.2,#e700e7,,Y
551,202102,22,00,21,1085.09,Full Sawtooth,4.0,9,False,1.0,#fe00e7,,Y
552,202110,20,01,21,1093.39,Soft Sawtooth,5.0,5,False,1.5,#c225e7,,Y
553,202111,21,01,21,1101.77,Sawtooth,5.0,7,False,1.2,#e725e7,,Y
554,202112,22,01,21,1110.20,Full Sawtooth,5.0,9,False,1.0,#fe25e7,Y,Y
555,202120,20,02,21,1118.70,Soft Sawtooth,6.0,5,False,1.5,#c23ce7,,Y
556,202121,21,02,21,1127.27,Sawtooth,6.0,7,False,1.2,#e73ce7,,Y
557,202122,22,02,21,1135.90,Full Sawtooth,6.0,9,False,1.0,#fe3ce7,,Y
558,202200,20,00,22,1144.60,Soft Sawtooth,4.0,5,False,1.5,#c200fe,,Y
559,202201,21,00,22,1153.36,Sawtooth,4.0,7,False,1.2,#e700fe,,Y
560,202202,22,00,22,1162.19,Full Sawtooth,4.0,9,False,1.0,#fe00fe,,Y
561,202210,20,01,22,1171.09,Soft Sawtooth,5.0,5,False,1.5,#c225fe,Y,Y
562,202211,21,01,22,1180.06,Sawtooth,5.0,7,False,1.2,#e725fe,,Y
563,202212,22,01,22,1189.09,Full Sawtooth,5.0,9,False,1.0,#fe25fe,,Y
564,202220,20,02,22,1198.20,Soft Sawtooth,6.0,5,False,1.5,#c23cfe,,Y
565,202221,21,02,22,1207.37,Sawtooth,6.0,7,False,1.2,#e73cfe,,Y
566,202222,22,02,22,1216.62,Full Sawtooth,6.0,9,False,1.0,#fe3cfe,,Y
567,210000,20,10,00,1225.93,Soft Sawtooth,7.0,5,False,1.5,#c26100,,Y
568,210001,21,10,00,1235.32,Sawtooth,7.0,7,False,1.2,#e76100,,Y
569,210002,22,10,00,1244.78,Full Sawtooth,7.0,9,False,1.0,#fe6100,Y,Y
570,210010,20,11,00,1254.31,Soft Sawtooth,8.0,5,False,1.5,#c28600,,Y
571,210011,21,11,00,1263.91,Sawtooth,8.0,7,False,1.2,#e78600,,Y
572,210012,22,11,00,1273.59,Full Sawtooth,8.0,9,False,1.0,#fe8600,,Y
573,210020,20,12,00,1283.34,Soft Sawtooth,10.0,5,False,1.5,#c29d00,,Y
574,210021,21,12,00,1293.17,Sawtooth,10.0,7,False,1.2,#e79d00,,Y
575,210022,22,12,00,1303.07,Full Sawtooth,10.0,9,False,1.0,#fe9d00,,Y
576,210100,20,10,01,1313.04,Soft Sawtooth,7.0,5,False,1.5,#c26125,,Y
577,210101,21,10,01,1323.10,Sawtooth,7.0,7,False,1.2,#e76125,Y,Y
578,210102,22,10,01,1333.23,Full Sawtooth,7.0,9,False,1.0,#fe6125,,Y
579,210110,20,11,01,1343.44,Soft Sawtooth,8.0,5,False,1.5,#c28625,,Y
580,210111,21,11,01,1353.72,Sawtooth,8.0,7,False,1.2,#e78625,,Y
581,210112,22,11,01,1364.09,Full Sawtooth,8.0,9,False,1.0,#fe8625,,Y
582,210120,20,12,01,1374.53,Soft Sawtooth,10.0,5,False,1.5,#c29d25,,Y
583,210121,21,12,01,1385.06,Sawtooth,10.0,7,False,1.2,#e79d25,,Y
584,210122,22,12,01,1395.66,Full Sawtooth,10.0,9,False,1.0,#fe9d25,Y,Y
585,210200,20,10,02,1406.35,Soft Sawtooth,7.0,5,False,1.5,#c2613c,,Y
586,210201,21,10,02,1417.12,Sawtooth,7.0,7,False,1.2,#e7613c,,Y
587,210202,22,10,02,1427.97,Full Sawtooth,7.0,9,False,1.0,#fe613c,,Y
588,210210,20,11,02,1438.90,Soft Sawtooth,8.0,5,False,1.5,#c2863c,,Y
589,210211,21,11,02,1449.92,Sawtooth,8.0,7,False,1.2,#e7863c,,Y
590,210212,22,11,02,1461.02,Full Sawtooth,8.0,9,False,1.0,#fe863c,,Y
591,210220,20,12,02,1472.21,Soft Sawtooth,10.0,5,False,1.5,#c29d3c,,Y
592,210221,21,12,02,1483.48,Sawtooth,10.0,7,False,1.2,#e79d3c,Y,Y
593,210222,22,12,02,1494.84,Full Sawtooth,10.0,9,False,1.0,#fe9d3c,,Y
594,211000,20,10,10,1506.28,Soft Sawtooth,7.0,5,False,1.5,#c26161,,Y
595,211001,21,10,10,1517.82,Sawtooth,7.0,7,False,1.2,#e76161,,Y
596,211002,22,10,10,1529.44,Full Sawtooth,7.0,9,False,1.0,#fe6161,,Y
597,211010,20,11,10,1541.15,Soft Sawtooth,8.0,5,False,1.5,#c28661,,Y
598,211011,21,11,10,1552.95,Sawtooth,8.0,7,False,1.2,#e78661,,Y
599,211012,22,11,10,1564.84,Full Sawtooth,8.0,9,False,1.0,#fe8661,Y,Y
600,211020,20,12,10,1576.82,Soft Sawtooth,10.0,5,False,1.5,#c29d61,,Y
601,211021,21,12,10,1588.90,Sawtooth,10.0,7,False,1.2,#e79d61,,Y
602,211022,22,12,10,1601.06,Full Sawtooth,10.0,9,False,1.0,#fe9d61,,Y
603,211100,20,10,11,1613.32,Soft Sawtooth,7.0,5,False,1.5,#c26186,,Y
604,211101,21,10,11,1625.67,Sawtooth,7.0,7,False,1.2,#e76186,,Y
605,211102,22,10,11,1638.12,Full Sawtooth,7.0,9,False,1.0,#fe6186,,Y
606,211110,20,11,11,1650.66,Soft Sawtooth,8.0,5,False,1.5,#c28686,,Y
607,211111,21,11,11,1663.30,Sawtooth,8.0,7,False,1.2,#e78686,Y,Y
608,211112,22,11,11,1676.04,Full Sawtooth,8.0,9,False,1.0,#fe8686,,Y
609,211120,20,12,11,1688.87,Soft Sawtooth,10.0,5,False,1.5,#c29d86,,Y
610,211121,21,12,11,1701.80,Sawtooth,10.0,7,False,1.2,#e79d86,,Y
611,211122,22,12,11,1714.83,Full Sawtooth,10.0,9,False,1.0,#fe9d86,,Y
612,211200,20,10,12,1727.96,Soft Sawtooth,7.0,5,False,1.5,#c2619d,,Y
613,211201,21,10,12,1741.19,Sawtooth,7.0,7,False,1.2,#e7619d,,Y
614,211202,22,10,12,1754.52,Full Sawtooth,7.0,9,False,1.0,#fe619d,Y,Y
615,211210,20,11,12,1767.96,Soft Sawtooth,8.0,5,False,1.5,#c2869d,,Y
616,211211,21,11,12,1781.50,Sawtooth,8.0,7,False,1.2,#e7869d,,Y
617,211212,22,11,12,1795.14,Full Sawtooth,8.0,9,False,1.0,#fe869d,,Y
618,211220,20,12,12,1808.88,Soft Sawtooth,10.0,5,False,1.5,#c29d9d,,Y
619,211221,21,12,12,1822.73,Sawtooth,10.0,7,False,1.2,#e79d9d,,Y
620,211222,22,12,12,1836.69,Full Sawtooth,10.0,9,False,1.0,#fe9d9d,,Y
621,212000,20,10,20,1850.75,Soft Sawtooth,7.0,5,False,1.5,#c261c2,,Y
622,212001,21,10,20,1864.92,Sawtooth,7.0,7,False,1.2,#e761c2,Y,Y
623,212002,22,10,20,1879.20,Full Sawtooth,7.0,9,False,1.0,#fe61c2,,Y
624,212010,20,11,20,1893.59,Soft Sawtooth,8.0,5,False,1.5,#c286c2,,Y
625,212011,21,11,20,1908.09,Sawtooth,8.0,7,False,1.2,#e786c2,,Y
626,212012,22,11,20,1922.70,Full Sawtooth,8.0,9,False,1.0,#fe86c2,,Y
627,212020,20,12,20,1937.42,Soft Sawtooth,10.0,5,False,1.5,#c29dc2,,Y
628,212021,21,12,20,1952.25,Sawtooth,10.0,7,False,1.2,#e79dc2,,Y
629,212022,22,12,20,1967.20,Full Sawtooth,10.0,9,False,1.0,#fe9dc2,,Y
630,212100,20,10,21,1982.26,Soft Sawtooth,7.0,5,False,1.5,#c261e7,Y,Y
631,212101,21,10,21,1997.44,Sawtooth,7.0,7,False,1.2,#e761e7,,Y
632,212102,22,10,21,2012.74,Full Sawtooth,7.0,9,False,1.0,#fe61e7,,Y
633,212110,20,11,21,2028.15,Soft Sawtooth,8.0,5,False,1.5,#c286e7,,Y
634,212111,21,11,21,2043.68,Sawtooth,8.0,7,False,1.2,#e786e7,,Y
635,212112,22,11,21,2059.32,Full Sawtooth,8.0,9,False,1.0,#fe86e7,,Y
636,212120,20,12,21,2075.09,Soft Sawtooth,10.0,5,False,1.5,#c29de7,,Y
637,212121,21,12,21,2090.98,Sawtooth,10.0,7,False,1.2,#e79de7,Y,Y
638,212122,22,12,21,2106.99,Full Sawtooth,10.0,9,False,1.0,#fe9de7,,Y
639,212200,20,10,22,2123.12,Soft Sawtooth,7.0,5,False,1.5,#c261fe,,Y
640,212201,21,10,22,2139.38,Sawtooth,7.0,7,False,1.2,#e761fe,,Y
641,212202,22,10,22,2155.76,Full Sawtooth,7.0,9,False,1.0,#fe61fe,,Y
642,212210,20,11,22,2172.27,Soft Sawtooth,8.0,5,False,1.5,#c286fe,,Y
643,212211,21,11,22,2188.90,Sawtooth,8.0,7,False,1.2,#e786fe,,Y
644,212212,22,11,22,2205.66,Full Sawtooth,8.0,9,False,1.0,#fe86fe,,Y
645,212220,20,12,22,2222.55,Soft Sawtooth,10.0,5,False,1.5,#c29dfe,Y,Y
646,212221,21,12,22,2239.56,Sawtooth,10.0,7,False,1.2,#e79dfe,,Y
647,212222,22,12,22,2256.71,Full Sawtooth,10.0,9,False,1.0,#fe9dfe,,Y
648,220000,20,20,00,2273.99,Soft Sawtooth,11.0,5,False,1.5,#c2c200,,Y
649,220001,21,20,00,2291.40,Sawtooth,11.0,7,False,1.2,#e7c200,,Y
650,220002,22,20,00,2308.95,Full Sawtooth,11.0,9,False,1.0,#fec200,,Y
651,220010,20,21,00,2326.63,Soft Sawtooth,12.0,5,False,1.5,#c2e700,,Y
652,220011,21,21,00,2344.44,Sawtooth,12.0,7,False,1.2,#e7e700,Y,Y
653,220012,22,21,00,2362.39,Full Sawtooth,12.0,9,False,1.0,#fee700,,Y
654,220020,20,22,00,2380.48,Soft Sawtooth,13.0,5,False,1.5,#c2fe00,,Y
655,220021,21,22,00,2398.71,Sawtooth,13.0,7,False,1.2,#e7fe00,,Y
656,220022,22,22,00,2417.07,Full Sawtooth,13.0,9,False,1.0,#fefe00,,Y
657,220100,20,20,01,2435.58,Soft Sawtooth,11.0,5,False,1.5,#c2c225,,Y
658,220101,21,20,01,2454.23,Sawtooth,11.0,7,False,1.2,#e7c225,,Y
659,220102,22,20,01,2473.02,Full Sawtooth,11.0,9,False,1.0,#fec225,,Y
660,220110,20,21,01,2491.96,Soft Sawtooth,12.0,5,False,1.5,#c2e725,Y,Y
661,220111,21,21,01,2511.04,Sawtooth,12.0,7,False,1.2,#e7e725,,Y
662,220112,22,21,01,2530.26,Full Sawtooth,12.0,9,False,1.0,#fee725,,Y
663,220120,20,22,01,2549.64,Soft Sawtooth,13.0,5,False,1.5,#c2fe25,,Y
664,220121,21,22,01,2569.16,Sawtooth,13.0,7,False,1.2,#e7fe25,,Y
665,220122,22,22,01,2588.83,Full Sawtooth,13.0,9,False,1.0,#fefe25,,Y
666,220200,20,20,02,2608.65,Soft Sawtooth,11.0,5,False,1.5,#c2c23c,,Y
667,220201,21,20,02,2628.63,Sawtooth,11.0,7,False,1.2,#e7c23c,Y,Y
668,220202,22,20,02,2648.75,Full Sawtooth,11.0,9,False,1.0,#fec23c,,Y
669,220210,20,21,02,2669.03,Soft Sawtooth,12.0,5,False,1.5,#c2e73c,,Y
670,220211,21,21,02,2689.47,Sawtooth,12.0,7,False,1.2,#e7e73c,,Y
671,220212,22,21,02,2710.06,Full Sawtooth,12.0,9,False,1.0,#fee73c,,Y
672,220220,20,22,02,2730.81,Soft Sawtooth,13.0,5,False,1.5,#c2fe3c,,Y
673,220221,21,22,02,2751.72,Sawtooth,13.0,7,False,1.2,#e7fe3c,,Y
674,220222,22,22,02,2772.79,Full Sawtooth,13.0,9,False,1.0,#fefe3c,,Y
675,221000,20,20,10,2794.02,Soft Sawtooth,11.0,5,False,1.5,#c2c261,Y,Y
676,221001,21,20,10,2815.42,Sawtooth,11.0,7,False,1.2,#e7c261,,Y
677,221002,22,20,10,2836.97,Full Sawtooth,11.0,9,False,1.0,#fec261,,Y
678,221010,20,21,10,2858.69,Soft Sawtooth,12.0,5,False,1.5,#c2e761,,Y
679,221011,21,21,10,2880.58,Sawtooth,12.0,7,False,1.2,#e7e761,,Y
680,221012,22,21,10,2902.64,Full Sawtooth,12.0,9,False,1.0,#fee761,,Y
681,221020,20,22,10,2924.86,Soft Sawtooth,13.0,5,False,1.5,#c2fe61,,Y
682,221021,21,22,10,2947.26,Sawtooth,13.0,7,False,1.2,#e7fe61,,Y
683,221022,22,22,10,2969.83,Full Sawtooth,13.0,9,False,1.0,#fefe61,Y,Y
684,221100,20,20,11,2992.56,Soft Sawtooth,11.0,5,False,1.5,#c2c286,,Y
685,221101,21,20,11,3015.48,Sawtooth,11.0,7,False,1.2,#e7c286,,Y
686,221102,22,20,11,3038.57,Full Sawtooth,11.0,9,False,1.0,#fec286,,Y
687,221110,20,21,11,3061.83,Soft Sawtooth,12.0,5,False,1.5,#c2e786,,Y
688,221111,21,21,11,3085.28,Sawtooth,12.0,7,False,1.2,#e7e786,,Y
689,221112,22,21,11,3108.90,Full Sawtooth,12.0,9,False,1.0,#fee786,,Y
690,221120,20,22,11,3132.70,Soft Sawtooth,13.0,5,False,1.5,#c2fe86,Y,Y
691,221121,21,22,11,3156.69,Sawtooth,13.0,7,False,1.2,#e7fe86,,Y
692,221122,22,22,11,3180.86,Full Sawtooth,13.0,9,False,1.0,#fefe86,,Y
693,221200,20,20,12,3205.22,Soft Sawtooth,11.0,5,False,1.5,#c2c29d,,Y
694,221201,21,20,12,3229.76,Sawtooth,11.0,7,False,1.2,#e7c29d,,Y
695,221202,22,20,12,3254.49,Full Sawtooth,11.0,9,False,1.0,#fec29d,,Y
696,221210,20,21,12,3279.41,Soft Sawtooth,12.0,5,False,1.5,#c2e79d,,Y
697,221211,21,21,12,3304.51,Sawtooth,12.0,7,False,1.2,#e7e79d,,Y
698,221212,22,21,12,3329.82,Full Sawtooth,12.0,9,False,1.0,#fee79d,Y,Y
699,221220,20,22,12,3355.31,Soft Sawtooth,13.0,5,False,1.5,#c2fe9d,,Y
700,221221,21,22,12,3381.00,Sawtooth,13.0,7,False,1.2,#e7fe9d,,Y
701,221222,22,22,12,3406.89,Full Sawtooth,13.0,9,False,1.0,#fefe9d,,Y
702,222000,20,20,20,3432.98,Soft Sawtooth,11.0,5,False,1.5,#c2c2c2,,Y
703,222001,21,20,20,3459.26,Sawtooth,11.0,7,False,1.2,#e7c2c2,,Y
704,222002,22,20,20,3485.75,Full Sawtooth,11.0,9,False,1.0,#fec2c2,,Y
705,222010,20,21,20,3512.44,Soft Sawtooth,12.0,5,False,1.5,#c2e7c2,Y,Y
706,222011,21,21,20,3539.33,Sawtooth,12.0,7,False,1.2,#e7e7c2,,Y
707,222012,22,21,20,3566.43,Full Sawtooth,12.0,9,False,1.0,#fee7c2,,Y
708,222020,20,22,20,3593.74,Soft Sawtooth,13.0,5,False,1.5,#c2fec2,,Y
709,222021,21,22,20,3621.26,Sawtooth,13.0,7,False,1.2,#e7fec2,,Y
710,222022,22,22,20,3648.98,Full Sawtooth,13.0,9,False,1.0,#fefec2,,Y
711,222100,20,20,21,3676.92,Soft Sawtooth,11.0,5,False,1.5,#c2c2e7,,Y
712,222101,21,20,21,3705.08,Sawtooth,11.0,7,False,1.2,#e7c2e7,,Y
713,222102,22,20,21,3733.45,Full Sawtooth,11.0,9,False,1.0,#fec2e7,Y,Y
714,222110,20,21,21,3762.03,Soft Sawtooth,12.0,5,False,1.5,#c2e7e7,,Y
715,222111,21,21,21,3790.84,Sawtooth,12.0,7,False,1.2,#e7e7e7,,Y
716,222112,22,21,21,3819.86,Full Sawtooth,12.0,9,False,1.0,#fee7e7,,Y
717,222120,20,22,21,3849.11,Soft Sawtooth,13.0,5,False,1.5,#c2fee7,,Y
718,222121,21,22,21,3878.58,Sawtooth,13.0,7,False,1.2,#e7fee7,,Y
719,222122,22,22,21,3908.28,Full Sawtooth,13.0,9,False,1.0,#fefee7,,Y
720,222200,20,20,22,3938.20,Soft Sawtooth,11.0,5,False,1.5,#c2c2fe,Y,Y
721,222201,21,20,22,3968.36,Sawtooth,11.0,7,False,1.2,#e7c2fe,,Y
722,222202,22,20,22,3998.74,Full Sawtooth,11.0,9,False,1.0,#fec2fe,,Y
723,222210,20,21,22,4029.36,Soft Sawtooth,12.0,5,False,1.5,#c2e7fe,,Y
724,222211,21,21,22,4060.21,Sawtooth,12.0,7,False,1.2,#e7e7fe,,Y
725,222212,22,21,22,4091.30,Full Sawtooth,12.0,9,False,1.0,#fee7fe,,Y
726,222220,20,22,22,4122.63,Soft Sawtooth,13.0,5,False,1.5,#c2fefe,,Y
727,222221,21,22,22,4154.19,Sawtooth,13.0,7,False,1.2,#e7fefe,,Y
728,222222,22,22,22,4186.00,Full Sawtooth,13.0,9,False,1.0,#fefefe,Y,Y
