row,col,ditrune_ternary,upper_trigram,lower_trigram,element_trigram,element_position,rel_prefix,central_trigram,central_en,central_el,element_suffix_en,element_suffix_el,operator_token,true_token
1,1,211200,211,200,200,lower,HYPO,211,VastLaw,ΜΕΓΑΝΟΜΟΣ,CTH,ΧΘΝ,HYPOVastLawCTH,ΥΠΟΜΕΓΑΝΟΜΟΣΧΘΝ
1,2,200211,200,211,200,upper,HYPER,211,VastLaw,ΜΕΓΑΝΟΜΟΣ,CTH,ΧΘΝ,HYPERVastLawCTH,ΥΠΕΡΜΕΓΑΝΟΜΟΣΧΘΝ
1,3,211020,211,020,020,lower,HYPO,211,VastLaw,ΜΕΓΑΝΟΜΟΣ,HYD,ΥΔΡ,HYPOVastLawHYD,ΥΠΟΜΕΓΑΝΟΜΟΣΥΔΡ
1,4,020211,020,211,020,upper,HYPER,211,VastLaw,ΜΕΓΑΝΟΜΟΣ,HYD,ΥΔΡ,HYPERVastLawHYD,ΥΠΕΡΜΕΓΑΝΟΜΟΣΥΔΡ
1,5,211002,211,002,002,lower,HYPO,211,VastLaw,ΜΕΓΑΝΟΜΟΣ,KAT,ΚΑΤ,HYPOVastLawKAT,ΥΠΟΜΕΓΑΝΟΜΟΣΚΑΤ
1,6,002211,002,211,002,upper,HYPER,211,VastLaw,ΜΕΓΑΝΟΜΟΣ,KAT,ΚΑΤ,HYPERVastLawKAT,ΥΠΕΡΜΕΓΑΝΟΜΟΣΚΑΤ
1,7,211211,211,211,,none,,211,VastLaw,ΜΕΓΑΝΟΜΟΣ,,,VastLaw,ΜΕΓΑΝΟΜΟΣ
1,8,001211,001,211,001,upper,HYPER,211,VastLaw,ΜΕΓΑΝΟΜΟΣ,OMB,ΩΜΒ,HYPERVastLawOMB,ΥΠΕΡΜΕΓΑΝΟΜΟΣΩΜΒ
1,9,211001,211,001,001,lower,HYPO,211,VastLaw,ΜΕΓΑΝΟΜΟΣ,OMB,ΩΜΒ,HYPOVastLawOMB,ΥΠΟΜΕΓΑΝΟΜΟΣΩΜΒ
1,10,010211,010,211,010,upper,HYPER,211,VastLaw,ΜΕΓΑΝΟΜΟΣ,FRO,ΦΡΟ,HYPERVastLawFRO,ΥΠΕΡΜΕΓΑΝΟΜΟΣΦΡΟ
1,11,211010,211,010,010,lower,HYPO,211,VastLaw,ΜΕΓΑΝΟΜΟΣ,FRO,ΦΡΟ,HYPOVastLawFRO,ΥΠΟΜΕΓΑΝΟΜΟΣΦΡΟ
1,12,100211,100,211,100,upper,HYPER,211,VastLaw,ΜΕΓΑΝΟΜΟΣ,AER,ΑΗΡ,HYPERVastLawAER,ΥΠΕΡΜΕΓΑΝΟΜΟΣΑΗΡ
1,13,211100,211,100,100,lower,HYPO,211,VastLaw,ΜΕΓΑΝΟΜΟΣ,AER,ΑΗΡ,HYPOVastLawAER,ΥΠΟΜΕΓΑΝΟΜΟΣΑΗΡ
2,1,121200,121,200,200,lower,HYPO,121,QuickGlyph,ΤΑΧΥΓΡΑΜΜΑ,CTH,ΧΘΝ,HYPOQuickGlyphCTH,ΥΠΟΤΑΧΥΓΡΑΜΜΑΧΘΝ
2,2,200121,200,121,200,upper,HYPER,121,QuickGlyph,ΤΑΧΥΓΡΑΜΜΑ,CTH,ΧΘΝ,HYPERQuickGlyphCTH,ΥΠΕΡΤΑΧΥΓΡΑΜΜΑΧΘΝ
2,3,121020,121,020,020,lower,HYPO,121,QuickGlyph,ΤΑΧΥΓΡΑΜΜΑ,HYD,ΥΔΡ,HYPOQuickGlyphHYD,ΥΠΟΤΑΧΥΓΡΑΜΜΑΥΔΡ
2,4,020121,020,121,020,upper,HYPER,121,QuickGlyph,ΤΑΧΥΓΡΑΜΜΑ,HYD,ΥΔΡ,HYPERQuickGlyphHYD,ΥΠΕΡΤΑΧΥΓΡΑΜΜΑΥΔΡ
2,5,121002,121,002,002,lower,HYPO,121,QuickGlyph,ΤΑΧΥΓΡΑΜΜΑ,KAT,ΚΑΤ,HYPOQuickGlyphKAT,ΥΠΟΤΑΧΥΓΡΑΜΜΑΚΑΤ
2,6,002121,002,121,002,upper,HYPER,121,QuickGlyph,ΤΑΧΥΓΡΑΜΜΑ,KAT,ΚΑΤ,HYPERQuickGlyphKAT,ΥΠΕΡΤΑΧΥΓΡΑΜΜΑΚΑΤ
2,7,121121,121,121,,none,,121,QuickGlyph,ΤΑΧΥΓΡΑΜΜΑ,,,QuickGlyph,ΤΑΧΥΓΡΑΜΜΑ
2,8,001121,001,121,001,upper,HYPER,121,QuickGlyph,ΤΑΧΥΓΡΑΜΜΑ,OMB,ΩΜΒ,HYPERQuickGlyphOMB,ΥΠΕΡΤΑΧΥΓΡΑΜΜΑΩΜΒ
2,9,121001,121,001,001,lower,HYPO,121,QuickGlyph,ΤΑΧΥΓΡΑΜΜΑ,OMB,ΩΜΒ,HYPOQuickGlyphOMB,ΥΠΟΤΑΧΥΓΡΑΜΜΑΩΜΒ
2,10,010121,010,121,010,upper,HYPER,121,QuickGlyph,ΤΑΧΥΓΡΑΜΜΑ,FRO,ΦΡΟ,HYPERQuickGlyphFRO,ΥΠΕΡΤΑΧΥΓΡΑΜΜΑΦΡΟ
2,11,121010,121,010,010,lower,HYPO,121,QuickGlyph,ΤΑΧΥΓΡΑΜΜΑ,FRO,ΦΡΟ,HYPOQuickGlyphFRO,ΥΠΟΤΑΧΥΓΡΑΜΜΑΦΡΟ
2,12,100121,100,121,100,upper,HYPER,121,QuickGlyph,ΤΑΧΥΓΡΑΜΜΑ,AER,ΑΗΡ,HYPERQuickGlyphAER,ΥΠΕΡΤΑΧΥΓΡΑΜΜΑΑΗΡ
2,13,121100,121,100,100,lower,HYPO,121,QuickGlyph,ΤΑΧΥΓΡΑΜΜΑ,AER,ΑΗΡ,HYPOQuickGlyphAER,ΥΠΟΤΑΧΥΓΡΑΜΜΑΑΗΡ
3,1,112200,112,200,200,lower,HYPO,112,BoundaryRing,ΟΡΙΟΔΑΚΤΥΛΙΟΣ,CTH,ΧΘΝ,HYPOBoundaryRingCTH,ΥΠΟΟΡΙΟΔΑΚΤΥΛΙΟΣΧΘΝ
3,2,200112,200,112,200,upper,HYPER,112,BoundaryRing,ΟΡΙΟΔΑΚΤΥΛΙΟΣ,CTH,ΧΘΝ,HYPERBoundaryRingCTH,ΥΠΕΡΟΡΙΟΔΑΚΤΥΛΙΟΣΧΘΝ
3,3,112020,112,020,020,lower,HYPO,112,BoundaryRing,ΟΡΙΟΔΑΚΤΥΛΙΟΣ,HYD,ΥΔΡ,HYPOBoundaryRingHYD,ΥΠΟΟΡΙΟΔΑΚΤΥΛΙΟΣΥΔΡ
3,4,020112,020,112,020,upper,HYPER,112,BoundaryRing,ΟΡΙΟΔΑΚΤΥΛΙΟΣ,HYD,ΥΔΡ,HYPERBoundaryRingHYD,ΥΠΕΡΟΡΙΟΔΑΚΤΥΛΙΟΣΥΔΡ
3,5,112002,112,002,002,lower,HYPO,112,BoundaryRing,ΟΡΙΟΔΑΚΤΥΛΙΟΣ,KAT,ΚΑΤ,HYPOBoundaryRingKAT,ΥΠΟΟΡΙΟΔΑΚΤΥΛΙΟΣΚΑΤ
3,6,002112,002,112,002,upper,HYPER,112,BoundaryRing,ΟΡΙΟΔΑΚΤΥΛΙΟΣ,KAT,ΚΑΤ,HYPERBoundaryRingKAT,ΥΠΕΡΟΡΙΟΔΑΚΤΥΛΙΟΣΚΑΤ
3,7,112112,112,112,,none,,112,BoundaryRing,ΟΡΙΟΔΑΚΤΥΛΙΟΣ,,,BoundaryRing,ΟΡΙΟΔΑΚΤΥΛΙΟΣ
3,8,001112,001,112,001,upper,HYPER,112,BoundaryRing,ΟΡΙΟΔΑΚΤΥΛΙΟΣ,OMB,ΩΜΒ,HYPERBoundaryRingOMB,ΥΠΕΡΟΡΙΟΔΑΚΤΥΛΙΟΣΩΜΒ
3,9,112001,112,001,001,lower,HYPO,112,BoundaryRing,ΟΡΙΟΔΑΚΤΥΛΙΟΣ,OMB,ΩΜΒ,HYPOBoundaryRingOMB,ΥΠΟΟΡΙΟΔΑΚΤΥΛΙΟΣΩΜΒ
3,10,010112,010,112,010,upper,HYPER,112,BoundaryRing,ΟΡΙΟΔΑΚΤΥΛΙΟΣ,FRO,ΦΡΟ,HYPERBoundaryRingFRO,ΥΠΕΡΟΡΙΟΔΑΚΤΥΛΙΟΣΦΡΟ
3,11,112010,112,010,010,lower,HYPO,112,BoundaryRing,ΟΡΙΟΔΑΚΤΥΛΙΟΣ,FRO,ΦΡΟ,HYPOBoundaryRingFRO,ΥΠΟΟΡΙΟΔΑΚΤΥΛΙΟΣΦΡΟ
3,12,100112,100,112,100,upper,HYPER,112,BoundaryRing,ΟΡΙΟΔΑΚΤΥΛΙΟΣ,AER,ΑΗΡ,HYPERBoundaryRingAER,ΥΠΕΡΟΡΙΟΔΑΚΤΥΛΙΟΣΑΗΡ
3,13,112100,112,100,100,lower,HYPO,112,BoundaryRing,ΟΡΙΟΔΑΚΤΥΛΙΟΣ,AER,ΑΗΡ,HYPOBoundaryRingAER,ΥΠΟΟΡΙΟΔΑΚΤΥΛΙΟΣΑΗΡ
4,1,111200,111,200,200,lower,HYPO,111,RadiantAxis,ΑΚΤΙΝΟΑΞΩΝ,CTH,ΧΘΝ,HYPORadiantAxisCTH,ΥΠΟΑΚΤΙΝΟΑΞΩΝΧΘΝ
4,2,200111,200,111,200,upper,HYPER,111,RadiantAxis,ΑΚΤΙΝΟΑΞΩΝ,CTH,ΧΘΝ,HYPERRadiantAxisCTH,ΥΠΕΡΑΚΤΙΝΟΑΞΩΝΧΘΝ
4,3,111020,111,020,020,lower,HYPO,111,RadiantAxis,ΑΚΤΙΝΟΑΞΩΝ,HYD,ΥΔΡ,HYPORadiantAxisHYD,ΥΠΟΑΚΤΙΝΟΑΞΩΝΥΔΡ
4,4,020111,020,111,020,upper,HYPER,111,RadiantAxis,ΑΚΤΙΝΟΑΞΩΝ,HYD,ΥΔΡ,HYPERRadiantAxisHYD,ΥΠΕΡΑΚΤΙΝΟΑΞΩΝΥΔΡ
4,5,111002,111,002,002,lower,HYPO,111,RadiantAxis,ΑΚΤΙΝΟΑΞΩΝ,KAT,ΚΑΤ,HYPORadiantAxisKAT,ΥΠΟΑΚΤΙΝΟΑΞΩΝΚΑΤ
4,6,002111,002,111,002,upper,HYPER,111,RadiantAxis,ΑΚΤΙΝΟΑΞΩΝ,KAT,ΚΑΤ,HYPERRadiantAxisKAT,ΥΠΕΡΑΚΤΙΝΟΑΞΩΝΚΑΤ
4,7,111111,111,111,,none,,111,RadiantAxis,ΑΚΤΙΝΟΑΞΩΝ,,,RadiantAxis,ΑΚΤΙΝΟΑΞΩΝ
4,8,001111,001,111,001,upper,HYPER,111,RadiantAxis,ΑΚΤΙΝΟΑΞΩΝ,OMB,ΩΜΒ,HYPERRadiantAxisOMB,ΥΠΕΡΑΚΤΙΝΟΑΞΩΝΩΜΒ
4,9,111001,111,001,001,lower,HYPO,111,RadiantAxis,ΑΚΤΙΝΟΑΞΩΝ,OMB,ΩΜΒ,HYPORadiantAxisOMB,ΥΠΟΑΚΤΙΝΟΑΞΩΝΩΜΒ
4,10,010111,010,111,010,upper,HYPER,111,RadiantAxis,ΑΚΤΙΝΟΑΞΩΝ,FRO,ΦΡΟ,HYPERRadiantAxisFRO,ΥΠΕΡΑΚΤΙΝΟΑΞΩΝΦΡΟ
4,11,111010,111,010,010,lower,HYPO,111,RadiantAxis,ΑΚΤΙΝΟΑΞΩΝ,FRO,ΦΡΟ,HYPORadiantAxisFRO,ΥΠΟΑΚΤΙΝΟΑΞΩΝΦΡΟ
4,12,100111,100,111,100,upper,HYPER,111,RadiantAxis,ΑΚΤΙΝΟΑΞΩΝ,AER,ΑΗΡ,HYPERRadiantAxisAER,ΥΠΕΡΑΚΤΙΝΟΑΞΩΝΑΗΡ
4,13,111100,111,100,100,lower,HYPO,111,RadiantAxis,ΑΚΤΙΝΟΑΞΩΝ,AER,ΑΗΡ,HYPORadiantAxisAER,ΥΠΟΑΚΤΙΝΟΑΞΩΝΑΗΡ
5,1,110200,110,200,200,lower,HYPO,110,SolarCrown,ΗΛΙΟΣΤΕΦΑΝΟΣ,CTH,ΧΘΝ,HYPOSolarCrownCTH,ΥΠΟΗΛΙΟΣΤΕΦΑΝΟΣΧΘΝ
5,2,200110,200,110,200,upper,HYPER,110,SolarCrown,ΗΛΙΟΣΤΕΦΑΝΟΣ,CTH,ΧΘΝ,HYPERSolarCrownCTH,ΥΠΕΡΗΛΙΟΣΤΕΦΑΝΟΣΧΘΝ
5,3,110020,110,020,020,lower,HYPO,110,SolarCrown,ΗΛΙΟΣΤΕΦΑΝΟΣ,HYD,ΥΔΡ,HYPOSolarCrownHYD,ΥΠΟΗΛΙΟΣΤΕΦΑΝΟΣΥΔΡ
5,4,020110,020,110,020,upper,HYPER,110,SolarCrown,ΗΛΙΟΣΤΕΦΑΝΟΣ,HYD,ΥΔΡ,HYPERSolarCrownHYD,ΥΠΕΡΗΛΙΟΣΤΕΦΑΝΟΣΥΔΡ
5,5,110002,110,002,002,lower,HYPO,110,SolarCrown,ΗΛΙΟΣΤΕΦΑΝΟΣ,KAT,ΚΑΤ,HYPOSolarCrownKAT,ΥΠΟΗΛΙΟΣΤΕΦΑΝΟΣΚΑΤ
5,6,002110,002,110,002,upper,HYPER,110,SolarCrown,ΗΛΙΟΣΤΕΦΑΝΟΣ,KAT,ΚΑΤ,HYPERSolarCrownKAT,ΥΠΕΡΗΛΙΟΣΤΕΦΑΝΟΣΚΑΤ
5,7,110110,110,110,,none,,110,SolarCrown,ΗΛΙΟΣΤΕΦΑΝΟΣ,,,SolarCrown,ΗΛΙΟΣΤΕΦΑΝΟΣ
5,8,001110,001,110,001,upper,HYPER,110,SolarCrown,ΗΛΙΟΣΤΕΦΑΝΟΣ,OMB,ΩΜΒ,HYPERSolarCrownOMB,ΥΠΕΡΗΛΙΟΣΤΕΦΑΝΟΣΩΜΒ
5,9,110001,110,001,001,lower,HYPO,110,SolarCrown,ΗΛΙΟΣΤΕΦΑΝΟΣ,OMB,ΩΜΒ,HYPOSolarCrownOMB,ΥΠΟΗΛΙΟΣΤΕΦΑΝΟΣΩΜΒ
5,10,010110,010,110,010,upper,HYPER,110,SolarCrown,ΗΛΙΟΣΤΕΦΑΝΟΣ,FRO,ΦΡΟ,HYPERSolarCrownFRO,ΥΠΕΡΗΛΙΟΣΤΕΦΑΝΟΣΦΡΟ
5,11,110010,110,010,010,lower,HYPO,110,SolarCrown,ΗΛΙΟΣΤΕΦΑΝΟΣ,FRO,ΦΡΟ,HYPOSolarCrownFRO,ΥΠΟΗΛΙΟΣΤΕΦΑΝΟΣΦΡΟ
5,12,100110,100,110,100,upper,HYPER,110,SolarCrown,ΗΛΙΟΣΤΕΦΑΝΟΣ,AER,ΑΗΡ,HYPERSolarCrownAER,ΥΠΕΡΗΛΙΟΣΤΕΦΑΝΟΣΑΗΡ
5,13,110100,110,100,100,lower,HYPO,110,SolarCrown,ΗΛΙΟΣΤΕΦΑΝΟΣ,AER,ΑΗΡ,HYPOSolarCrownAER,ΥΠΟΗΛΙΟΣΤΕΦΑΝΟΣΑΗΡ
6,1,101200,101,200,200,lower,HYPO,101,VernalGate,ΕΑΡΟΠΥΛΗ,CTH,ΧΘΝ,HYPOVernalGateCTH,ΥΠΟΕΑΡΟΠΥΛΗΧΘΝ
6,2,200101,200,101,200,upper,HYPER,101,VernalGate,ΕΑΡΟΠΥΛΗ,CTH,ΧΘΝ,HYPERVernalGateCTH,ΥΠΕΡΕΑΡΟΠΥΛΗΧΘΝ
6,3,101020,101,020,020,lower,HYPO,101,VernalGate,ΕΑΡΟΠΥΛΗ,HYD,ΥΔΡ,HYPOVernalGateHYD,ΥΠΟΕΑΡΟΠΥΛΗΥΔΡ
6,4,020101,020,101,020,upper,HYPER,101,VernalGate,ΕΑΡΟΠΥΛΗ,HYD,ΥΔΡ,HYPERVernalGateHYD,ΥΠΕΡΕΑΡΟΠΥΛΗΥΔΡ
6,5,101002,101,002,002,lower,HYPO,101,VernalGate,ΕΑΡΟΠΥΛΗ,KAT,ΚΑΤ,HYPOVernalGateKAT,ΥΠΟΕΑΡΟΠΥΛΗΚΑΤ
6,6,002101,002,101,002,upper,HYPER,101,VernalGate,ΕΑΡΟΠΥΛΗ,KAT,ΚΑΤ,HYPERVernalGateKAT,ΥΠΕΡΕΑΡΟΠΥΛΗΚΑΤ
6,7,101101,101,101,,none,,101,VernalGate,ΕΑΡΟΠΥΛΗ,,,VernalGate,ΕΑΡΟΠΥΛΗ
6,8,001101,001,101,001,upper,HYPER,101,VernalGate,ΕΑΡΟΠΥΛΗ,OMB,ΩΜΒ,HYPERVernalGateOMB,ΥΠΕΡΕΑΡΟΠΥΛΗΩΜΒ
6,9,101001,101,001,001,lower,HYPO,101,VernalGate,ΕΑΡΟΠΥΛΗ,OMB,ΩΜΒ,HYPOVernalGateOMB,ΥΠΟΕΑΡΟΠΥΛΗΩΜΒ
6,10,010101,010,101,010,upper,HYPER,101,VernalGate,ΕΑΡΟΠΥΛΗ,FRO,ΦΡΟ,HYPERVernalGateFRO,ΥΠΕΡΕΑΡΟΠΥΛΗΦΡΟ
6,11,101010,101,010,010,lower,HYPO,101,VernalGate,ΕΑΡΟΠΥΛΗ,FRO,ΦΡΟ,HYPOVernalGateFRO,ΥΠΟΕΑΡΟΠΥΛΗΦΡΟ
6,12,100101,100,101,100,upper,HYPER,101,VernalGate,ΕΑΡΟΠΥΛΗ,AER,ΑΗΡ,HYPERVernalGateAER,ΥΠΕΡΕΑΡΟΠΥΛΗΑΗΡ
6,13,101100,101,100,100,lower,HYPO,101,VernalGate,ΕΑΡΟΠΥΛΗ,AER,ΑΗΡ,HYPOVernalGateAER,ΥΠΟΕΑΡΟΠΥΛΗΑΗΡ
7,1,102200,102,200,200,lower,HYPO,102,BalanceBeam,ΙΣΟΡΡΟΠΟΔΟΚΟΣ,CTH,ΧΘΝ,HYPOBalanceBeamCTH,ΥΠΟΙΣΟΡΡΟΠΟΔΟΚΟΣΧΘΝ
7,2,200102,200,102,200,upper,HYPER,102,BalanceBeam,ΙΣΟΡΡΟΠΟΔΟΚΟΣ,CTH,ΧΘΝ,HYPERBalanceBeamCTH,ΥΠΕΡΙΣΟΡΡΟΠΟΔΟΚΟΣΧΘΝ
7,3,102020,102,020,020,lower,HYPO,102,BalanceBeam,ΙΣΟΡΡΟΠΟΔΟΚΟΣ,HYD,ΥΔΡ,HYPOBalanceBeamHYD,ΥΠΟΙΣΟΡΡΟΠΟΔΟΚΟΣΥΔΡ
7,4,020102,020,102,020,upper,HYPER,102,BalanceBeam,ΙΣΟΡΡΟΠΟΔΟΚΟΣ,HYD,ΥΔΡ,HYPERBalanceBeamHYD,ΥΠΕΡΙΣΟΡΡΟΠΟΔΟΚΟΣΥΔΡ
7,5,102002,102,002,002,lower,HYPO,102,BalanceBeam,ΙΣΟΡΡΟΠΟΔΟΚΟΣ,KAT,ΚΑΤ,HYPOBalanceBeamKAT,ΥΠΟΙΣΟΡΡΟΠΟΔΟΚΟΣΚΑΤ
7,6,002102,002,102,002,upper,HYPER,102,BalanceBeam,ΙΣΟΡΡΟΠΟΔΟΚΟΣ,KAT,ΚΑΤ,HYPERBalanceBeamKAT,ΥΠΕΡΙΣΟΡΡΟΠΟΔΟΚΟΣΚΑΤ
7,7,102102,102,102,,none,,102,BalanceBeam,ΙΣΟΡΡΟΠΟΔΟΚΟΣ,,,BalanceBeam,ΙΣΟΡΡΟΠΟΔΟΚΟΣ
7,8,001102,001,102,001,upper,HYPER,102,BalanceBeam,ΙΣΟΡΡΟΠΟΔΟΚΟΣ,OMB,ΩΜΒ,HYPERBalanceBeamOMB,ΥΠΕΡΙΣΟΡΡΟΠΟΔΟΚΟΣΩΜΒ
7,9,102001,102,001,001,lower,HYPO,102,BalanceBeam,ΙΣΟΡΡΟΠΟΔΟΚΟΣ,OMB,ΩΜΒ,HYPOBalanceBeamOMB,ΥΠΟΙΣΟΡΡΟΠΟΔΟΚΟΣΩΜΒ
7,10,010102,010,102,010,upper,HYPER,102,BalanceBeam,ΙΣΟΡΡΟΠΟΔΟΚΟΣ,FRO,ΦΡΟ,HYPERBalanceBeamFRO,ΥΠΕΡΙΣΟΡΡΟΠΟΔΟΚΟΣΦΡΟ
7,11,102010,102,010,010,lower,HYPO,102,BalanceBeam,ΙΣΟΡΡΟΠΟΔΟΚΟΣ,FRO,ΦΡΟ,HYPOBalanceBeamFRO,ΥΠΟΙΣΟΡΡΟΠΟΔΟΚΟΣΦΡΟ
7,12,100102,100,102,100,upper,HYPER,102,BalanceBeam,ΙΣΟΡΡΟΠΟΔΟΚΟΣ,AER,ΑΗΡ,HYPERBalanceBeamAER,ΥΠΕΡΙΣΟΡΡΟΠΟΔΟΚΟΣΑΗΡ
7,13,102100,102,100,100,lower,HYPO,102,BalanceBeam,ΙΣΟΡΡΟΠΟΔΟΚΟΣ,AER,ΑΗΡ,HYPOBalanceBeamAER,ΥΠΟΙΣΟΡΡΟΠΟΔΟΚΟΣΑΗΡ
8,1,120200,120,200,200,lower,HYPO,120,EmergentField,ΑΝΑΔΥΠΕΔΙΟ,CTH,ΧΘΝ,HYPOEmergentFieldCTH,ΥΠΟΑΝΑΔΥΠΕΔΙΟΧΘΝ
8,2,200120,200,120,200,upper,HYPER,120,EmergentField,ΑΝΑΔΥΠΕΔΙΟ,CTH,ΧΘΝ,HYPEREmergentFieldCTH,ΥΠΕΡΑΝΑΔΥΠΕΔΙΟΧΘΝ
8,3,120020,120,020,020,lower,HYPO,120,EmergentField,ΑΝΑΔΥΠΕΔΙΟ,HYD,ΥΔΡ,HYPOEmergentFieldHYD,ΥΠΟΑΝΑΔΥΠΕΔΙΟΥΔΡ
8,4,020120,020,120,020,upper,HYPER,120,EmergentField,ΑΝΑΔΥΠΕΔΙΟ,HYD,ΥΔΡ,HYPEREmergentFieldHYD,ΥΠΕΡΑΝΑΔΥΠΕΔΙΟΥΔΡ
8,5,120002,120,002,002,lower,HYPO,120,EmergentField,ΑΝΑΔΥΠΕΔΙΟ,KAT,ΚΑΤ,HYPOEmergentFieldKAT,ΥΠΟΑΝΑΔΥΠΕΔΙΟΚΑΤ
8,6,002120,002,120,002,upper,HYPER,120,EmergentField,ΑΝΑΔΥΠΕΔΙΟ,KAT,ΚΑΤ,HYPEREmergentFieldKAT,ΥΠΕΡΑΝΑΔΥΠΕΔΙΟΚΑΤ
8,7,120120,120,120,,none,,120,EmergentField,ΑΝΑΔΥΠΕΔΙΟ,,,EmergentField,ΑΝΑΔΥΠΕΔΙΟ
8,8,001120,001,120,001,upper,HYPER,120,EmergentField,ΑΝΑΔΥΠΕΔΙΟ,OMB,ΩΜΒ,HYPEREmergentFieldOMB,ΥΠΕΡΑΝΑΔΥΠΕΔΙΟΩΜΒ
8,9,120001,120,001,001,lower,HYPO,120,EmergentField,ΑΝΑΔΥΠΕΔΙΟ,OMB,ΩΜΒ,HYPOEmergentFieldOMB,ΥΠΟΑΝΑΔΥΠΕΔΙΟΩΜΒ
8,10,010120,010,120,010,upper,HYPER,120,EmergentField,ΑΝΑΔΥΠΕΔΙΟ,FRO,ΦΡΟ,HYPEREmergentFieldFRO,ΥΠΕΡΑΝΑΔΥΠΕΔΙΟΦΡΟ
8,11,120010,120,010,010,lower,HYPO,120,EmergentField,ΑΝΑΔΥΠΕΔΙΟ,FRO,ΦΡΟ,HYPOEmergentFieldFRO,ΥΠΟΑΝΑΔΥΠΕΔΙΟΦΡΟ
8,12,100120,100,120,100,upper,HYPER,120,EmergentField,ΑΝΑΔΥΠΕΔΙΟ,AER,ΑΗΡ,HYPEREmergentFieldAER,ΥΠΕΡΑΝΑΔΥΠΕΔΙΟΑΗΡ
8,13,120100,120,100,100,lower,HYPO,120,EmergentField,ΑΝΑΔΥΠΕΔΙΟ,AER,ΑΗΡ,HYPOEmergentFieldAER,ΥΠΟΑΝΑΔΥΠΕΔΙΟΑΗΡ
9,1,011200,011,200,200,lower,HYPO,011,ArrowFire,ΤΟΞΟΠΥΡ,CTH,ΧΘΝ,HYPOArrowFireCTH,ΥΠΟΤΟΞΟΠΥΡΧΘΝ
9,2,200011,200,011,200,upper,HYPER,011,ArrowFire,ΤΟΞΟΠΥΡ,CTH,ΧΘΝ,HYPERArrowFireCTH,ΥΠΕΡΤΟΞΟΠΥΡΧΘΝ
9,3,011020,011,020,020,lower,HYPO,011,ArrowFire,ΤΟΞΟΠΥΡ,HYD,ΥΔΡ,HYPOArrowFireHYD,ΥΠΟΤΟΞΟΠΥΡΥΔΡ
9,4,020011,020,011,020,upper,HYPER,011,ArrowFire,ΤΟΞΟΠΥΡ,HYD,ΥΔΡ,HYPERArrowFireHYD,ΥΠΕΡΤΟΞΟΠΥΡΥΔΡ
9,5,011002,011,002,002,lower,HYPO,011,ArrowFire,ΤΟΞΟΠΥΡ,KAT,ΚΑΤ,HYPOArrowFireKAT,ΥΠΟΤΟΞΟΠΥΡΚΑΤ
9,6,002011,002,011,002,upper,HYPER,011,ArrowFire,ΤΟΞΟΠΥΡ,KAT,ΚΑΤ,HYPERArrowFireKAT,ΥΠΕΡΤΟΞΟΠΥΡΚΑΤ
9,7,011011,011,011,,none,,011,ArrowFire,ΤΟΞΟΠΥΡ,,,ArrowFire,ΤΟΞΟΠΥΡ
9,8,001011,001,011,001,upper,HYPER,011,ArrowFire,ΤΟΞΟΠΥΡ,OMB,ΩΜΒ,HYPERArrowFireOMB,ΥΠΕΡΤΟΞΟΠΥΡΩΜΒ
9,9,011001,011,001,001,lower,HYPO,011,ArrowFire,ΤΟΞΟΠΥΡ,OMB,ΩΜΒ,HYPOArrowFireOMB,ΥΠΟΤΟΞΟΠΥΡΩΜΒ
9,10,010011,010,011,010,upper,HYPER,011,ArrowFire,ΤΟΞΟΠΥΡ,FRO,ΦΡΟ,HYPERArrowFireFRO,ΥΠΕΡΤΟΞΟΠΥΡΦΡΟ
9,11,011010,011,010,010,lower,HYPO,011,ArrowFire,ΤΟΞΟΠΥΡ,FRO,ΦΡΟ,HYPOArrowFireFRO,ΥΠΟΤΟΞΟΠΥΡΦΡΟ
9,12,100011,100,011,100,upper,HYPER,011,ArrowFire,ΤΟΞΟΠΥΡ,AER,ΑΗΡ,HYPERArrowFireAER,ΥΠΕΡΤΟΞΟΠΥΡΑΗΡ
9,13,011100,011,100,100,lower,HYPO,011,ArrowFire,ΤΟΞΟΠΥΡ,AER,ΑΗΡ,HYPOArrowFireAER,ΥΠΟΤΟΞΟΠΥΡΑΗΡ
10,1,012200,012,200,200,lower,HYPO,012,GranaryKey,ΣΙΤΟΚΛΕΙΣ,CTH,ΧΘΝ,HYPOGranaryKeyCTH,ΥΠΟΣΙΤΟΚΛΕΙΣΧΘΝ
10,2,200012,200,012,200,upper,HYPER,012,GranaryKey,ΣΙΤΟΚΛΕΙΣ,CTH,ΧΘΝ,HYPERGranaryKeyCTH,ΥΠΕΡΣΙΤΟΚΛΕΙΣΧΘΝ
10,3,012020,012,020,020,lower,HYPO,012,GranaryKey,ΣΙΤΟΚΛΕΙΣ,HYD,ΥΔΡ,HYPOGranaryKeyHYD,ΥΠΟΣΙΤΟΚΛΕΙΣΥΔΡ
10,4,020012,020,012,020,upper,HYPER,012,GranaryKey,ΣΙΤΟΚΛΕΙΣ,HYD,ΥΔΡ,HYPERGranaryKeyHYD,ΥΠΕΡΣΙΤΟΚΛΕΙΣΥΔΡ
10,5,012002,012,002,002,lower,HYPO,012,GranaryKey,ΣΙΤΟΚΛΕΙΣ,KAT,ΚΑΤ,HYPOGranaryKeyKAT,ΥΠΟΣΙΤΟΚΛΕΙΣΚΑΤ
10,6,002012,002,012,002,upper,HYPER,012,GranaryKey,ΣΙΤΟΚΛΕΙΣ,KAT,ΚΑΤ,HYPERGranaryKeyKAT,ΥΠΕΡΣΙΤΟΚΛΕΙΣΚΑΤ
10,7,012012,012,012,,none,,012,GranaryKey,ΣΙΤΟΚΛΕΙΣ,,,GranaryKey,ΣΙΤΟΚΛΕΙΣ
10,8,001012,001,012,001,upper,HYPER,012,GranaryKey,ΣΙΤΟΚΛΕΙΣ,OMB,ΩΜΒ,HYPERGranaryKeyOMB,ΥΠΕΡΣΙΤΟΚΛΕΙΣΩΜΒ
10,9,012001,012,001,001,lower,HYPO,012,GranaryKey,ΣΙΤΟΚΛΕΙΣ,OMB,ΩΜΒ,HYPOGranaryKeyOMB,ΥΠΟΣΙΤΟΚΛΕΙΣΩΜΒ
10,10,010012,010,012,010,upper,HYPER,012,GranaryKey,ΣΙΤΟΚΛΕΙΣ,FRO,ΦΡΟ,HYPERGranaryKeyFRO,ΥΠΕΡΣΙΤΟΚΛΕΙΣΦΡΟ
10,11,012010,012,010,010,lower,HYPO,012,GranaryKey,ΣΙΤΟΚΛΕΙΣ,FRO,ΦΡΟ,HYPOGranaryKeyFRO,ΥΠΟΣΙΤΟΚΛΕΙΣΦΡΟ
10,12,100012,100,012,100,upper,HYPER,012,GranaryKey,ΣΙΤΟΚΛΕΙΣ,AER,ΑΗΡ,HYPERGranaryKeyAER,ΥΠΕΡΣΙΤΟΚΛΕΙΣΑΗΡ
10,13,012100,012,100,100,lower,HYPO,012,GranaryKey,ΣΙΤΟΚΛΕΙΣ,AER,ΑΗΡ,HYPOGranaryKeyAER,ΥΠΟΣΙΤΟΚΛΕΙΣΑΗΡ
11,1,021200,021,200,200,lower,HYPO,021,TwinCurrent,ΔΙΔΥΜΟΡΡΟΗ,CTH,ΧΘΝ,HYPOTwinCurrentCTH,ΥΠΟΔΙΔΥΜΟΡΡΟΗΧΘΝ
11,2,200021,200,021,200,upper,HYPER,021,TwinCurrent,ΔΙΔΥΜΟΡΡΟΗ,CTH,ΧΘΝ,HYPERTwinCurrentCTH,ΥΠΕΡΔΙΔΥΜΟΡΡΟΗΧΘΝ
11,3,021020,021,020,020,lower,HYPO,021,TwinCurrent,ΔΙΔΥΜΟΡΡΟΗ,HYD,ΥΔΡ,HYPOTwinCurrentHYD,ΥΠΟΔΙΔΥΜΟΡΡΟΗΥΔΡ
11,4,020021,020,021,020,upper,HYPER,021,TwinCurrent,ΔΙΔΥΜΟΡΡΟΗ,HYD,ΥΔΡ,HYPERTwinCurrentHYD,ΥΠΕΡΔΙΔΥΜΟΡΡΟΗΥΔΡ
11,5,021002,021,002,002,lower,HYPO,021,TwinCurrent,ΔΙΔΥΜΟΡΡΟΗ,KAT,ΚΑΤ,HYPOTwinCurrentKAT,ΥΠΟΔΙΔΥΜΟΡΡΟΗΚΑΤ
11,6,002021,002,021,002,upper,HYPER,021,TwinCurrent,ΔΙΔΥΜΟΡΡΟΗ,KAT,ΚΑΤ,HYPERTwinCurrentKAT,ΥΠΕΡΔΙΔΥΜΟΡΡΟΗΚΑΤ
11,7,021021,021,021,,none,,021,TwinCurrent,ΔΙΔΥΜΟΡΡΟΗ,,,TwinCurrent,ΔΙΔΥΜΟΡΡΟΗ
11,8,001021,001,021,001,upper,HYPER,021,TwinCurrent,ΔΙΔΥΜΟΡΡΟΗ,OMB,ΩΜΒ,HYPERTwinCurrentOMB,ΥΠΕΡΔΙΔΥΜΟΡΡΟΗΩΜΒ
11,9,021001,021,001,001,lower,HYPO,021,TwinCurrent,ΔΙΔΥΜΟΡΡΟΗ,OMB,ΩΜΒ,HYPOTwinCurrentOMB,ΥΠΟΔΙΔΥΜΟΡΡΟΗΩΜΒ
11,10,010021,010,021,010,upper,HYPER,021,TwinCurrent,ΔΙΔΥΜΟΡΡΟΗ,FRO,ΦΡΟ,HYPERTwinCurrentFRO,ΥΠΕΡΔΙΔΥΜΟΡΡΟΗΦΡΟ
11,11,021010,021,010,010,lower,HYPO,021,TwinCurrent,ΔΙΔΥΜΟΡΡΟΗ,FRO,ΦΡΟ,HYPOTwinCurrentFRO,ΥΠΟΔΙΔΥΜΟΡΡΟΗΦΡΟ
11,12,100021,100,021,100,upper,HYPER,021,TwinCurrent,ΔΙΔΥΜΟΡΡΟΗ,AER,ΑΗΡ,HYPERTwinCurrentAER,ΥΠΕΡΔΙΔΥΜΟΡΡΟΗΑΗΡ
11,13,021100,021,100,100,lower,HYPO,021,TwinCurrent,ΔΙΔΥΜΟΡΡΟΗ,AER,ΑΗΡ,HYPOTwinCurrentAER,ΥΠΟΔΙΔΥΜΟΡΡΟΗΑΗΡ
12,1,022200,022,200,200,lower,HYPO,022,OceanVeil,ΩΚΕΑΝΟΠΕΠΛΟΣ,CTH,ΧΘΝ,HYPOOceanVeilCTH,ΥΠΟΩΚΕΑΝΟΠΕΠΛΟΣΧΘΝ
12,2,200022,200,022,200,upper,HYPER,022,OceanVeil,ΩΚΕΑΝΟΠΕΠΛΟΣ,CTH,ΧΘΝ,HYPEROceanVeilCTH,ΥΠΕΡΩΚΕΑΝΟΠΕΠΛΟΣΧΘΝ
12,3,022020,022,020,020,lower,HYPO,022,OceanVeil,ΩΚΕΑΝΟΠΕΠΛΟΣ,HYD,ΥΔΡ,HYPOOceanVeilHYD,ΥΠΟΩΚΕΑΝΟΠΕΠΛΟΣΥΔΡ
12,4,020022,020,022,020,upper,HYPER,022,OceanVeil,ΩΚΕΑΝΟΠΕΠΛΟΣ,HYD,ΥΔΡ,HYPEROceanVeilHYD,ΥΠΕΡΩΚΕΑΝΟΠΕΠΛΟΣΥΔΡ
12,5,022002,022,002,002,lower,HYPO,022,OceanVeil,ΩΚΕΑΝΟΠΕΠΛΟΣ,KAT,ΚΑΤ,HYPOOceanVeilKAT,ΥΠΟΩΚΕΑΝΟΠΕΠΛΟΣΚΑΤ
12,6,002022,002,022,002,upper,HYPER,022,OceanVeil,ΩΚΕΑΝΟΠΕΠΛΟΣ,KAT,ΚΑΤ,HYPEROceanVeilKAT,ΥΠΕΡΩΚΕΑΝΟΠΕΠΛΟΣΚΑΤ
12,7,022022,022,022,,none,,022,OceanVeil,ΩΚΕΑΝΟΠΕΠΛΟΣ,,,OceanVeil,ΩΚΕΑΝΟΠΕΠΛΟΣ
12,8,001022,001,022,001,upper,HYPER,022,OceanVeil,ΩΚΕΑΝΟΠΕΠΛΟΣ,OMB,ΩΜΒ,HYPEROceanVeilOMB,ΥΠΕΡΩΚΕΑΝΟΠΕΠΛΟΣΩΜΒ
12,9,022001,022,001,001,lower,HYPO,022,OceanVeil,ΩΚΕΑΝΟΠΕΠΛΟΣ,OMB,ΩΜΒ,HYPOOceanVeilOMB,ΥΠΟΩΚΕΑΝΟΠΕΠΛΟΣΩΜΒ
12,10,010022,010,022,010,upper,HYPER,022,OceanVeil,ΩΚΕΑΝΟΠΕΠΛΟΣ,FRO,ΦΡΟ,HYPEROceanVeilFRO,ΥΠΕΡΩΚΕΑΝΟΠΕΠΛΟΣΦΡΟ
12,11,022010,022,010,010,lower,HYPO,022,OceanVeil,ΩΚΕΑΝΟΠΕΠΛΟΣ,FRO,ΦΡΟ,HYPOOceanVeilFRO,ΥΠΟΩΚΕΑΝΟΠΕΠΛΟΣΦΡΟ
12,12,100022,100,022,100,upper,HYPER,022,OceanVeil,ΩΚΕΑΝΟΠΕΠΛΟΣ,AER,ΑΗΡ,HYPEROceanVeilAER,ΥΠΕΡΩΚΕΑΝΟΠΕΠΛΟΣΑΗΡ
12,13,022100,022,100,100,lower,HYPO,022,OceanVeil,ΩΚΕΑΝΟΠΕΠΛΟΣ,AER,ΑΗΡ,HYPOOceanVeilAER,ΥΠΟΩΚΕΑΝΟΠΕΠΛΟΣΑΗΡ
13,1,210200,210,200,200,lower,HYPO,210,SkyCircuit,ΟΥΡΑΝΟΚΥΚΛΟΣ,CTH,ΧΘΝ,HYPOSkyCircuitCTH,ΥΠΟΟΥΡΑΝΟΚΥΚΛΟΣΧΘΝ
13,2,200210,200,210,200,upper,HYPER,210,SkyCircuit,ΟΥΡΑΝΟΚΥΚΛΟΣ,CTH,ΧΘΝ,HYPERSkyCircuitCTH,ΥΠΕΡΟΥΡΑΝΟΚΥΚΛΟΣΧΘΝ
13,3,210020,210,020,020,lower,HYPO,210,SkyCircuit,ΟΥΡΑΝΟΚΥΚΛΟΣ,HYD,ΥΔΡ,HYPOSkyCircuitHYD,ΥΠΟΟΥΡΑΝΟΚΥΚΛΟΣΥΔΡ
13,4,020210,020,210,020,upper,HYPER,210,SkyCircuit,ΟΥΡΑΝΟΚΥΚΛΟΣ,HYD,ΥΔΡ,HYPERSkyCircuitHYD,ΥΠΕΡΟΥΡΑΝΟΚΥΚΛΟΣΥΔΡ
13,5,210002,210,002,002,lower,HYPO,210,SkyCircuit,ΟΥΡΑΝΟΚΥΚΛΟΣ,KAT,ΚΑΤ,HYPOSkyCircuitKAT,ΥΠΟΟΥΡΑΝΟΚΥΚΛΟΣΚΑΤ
13,6,002210,002,210,002,upper,HYPER,210,SkyCircuit,ΟΥΡΑΝΟΚΥΚΛΟΣ,KAT,ΚΑΤ,HYPERSkyCircuitKAT,ΥΠΕΡΟΥΡΑΝΟΚΥΚΛΟΣΚΑΤ
13,7,210210,210,210,,none,,210,SkyCircuit,ΟΥΡΑΝΟΚΥΚΛΟΣ,,,SkyCircuit,ΟΥΡΑΝΟΚΥΚΛΟΣ
13,8,001210,001,210,001,upper,HYPER,210,SkyCircuit,ΟΥΡΑΝΟΚΥΚΛΟΣ,OMB,ΩΜΒ,HYPERSkyCircuitOMB,ΥΠΕΡΟΥΡΑΝΟΚΥΚΛΟΣΩΜΒ
13,9,210001,210,001,001,lower,HYPO,210,SkyCircuit,ΟΥΡΑΝΟΚΥΚΛΟΣ,OMB,ΩΜΒ,HYPOSkyCircuitOMB,ΥΠΟΟΥΡΑΝΟΚΥΚΛΟΣΩΜΒ
13,10,010210,010,210,010,upper,HYPER,210,SkyCircuit,ΟΥΡΑΝΟΚΥΚΛΟΣ,FRO,ΦΡΟ,HYPERSkyCircuitFRO,ΥΠΕΡΟΥΡΑΝΟΚΥΚΛΟΣΦΡΟ
13,11,210010,210,010,010,lower,HYPO,210,SkyCircuit,ΟΥΡΑΝΟΚΥΚΛΟΣ,FRO,ΦΡΟ,HYPOSkyCircuitFRO,ΥΠΟΟΥΡΑΝΟΚΥΚΛΟΣΦΡΟ
13,12,100210,100,210,100,upper,HYPER,210,SkyCircuit,ΟΥΡΑΝΟΚΥΚΛΟΣ,AER,ΑΗΡ,HYPERSkyCircuitAER,ΥΠΕΡΟΥΡΑΝΟΚΥΚΛΟΣΑΗΡ
13,13,210100,210,100,100,lower,HYPO,210,SkyCircuit,ΟΥΡΑΝΟΚΥΚΛΟΣ,AER,ΑΗΡ,HYPOSkyCircuitAER,ΥΠΟΟΥΡΑΝΟΚΥΚΛΟΣΑΗΡ
14,1,201200,201,200,200,lower,HYPO,201,StoneRoot,ΛΙΘΟΡΙΖΑ,CTH,ΧΘΝ,HYPOStoneRootCTH,ΥΠΟΛΙΘΟΡΙΖΑΧΘΝ
14,2,200201,200,201,200,upper,HYPER,201,StoneRoot,ΛΙΘΟΡΙΖΑ,CTH,ΧΘΝ,HYPERStoneRootCTH,ΥΠΕΡΛΙΘΟΡΙΖΑΧΘΝ
14,3,201020,201,020,020,lower,HYPO,201,StoneRoot,ΛΙΘΟΡΙΖΑ,HYD,ΥΔΡ,HYPOStoneRootHYD,ΥΠΟΛΙΘΟΡΙΖΑΥΔΡ
14,4,020201,020,201,020,upper,HYPER,201,StoneRoot,ΛΙΘΟΡΙΖΑ,HYD,ΥΔΡ,HYPERStoneRootHYD,ΥΠΕΡΛΙΘΟΡΙΖΑΥΔΡ
14,5,201002,201,002,002,lower,HYPO,201,StoneRoot,ΛΙΘΟΡΙΖΑ,KAT,ΚΑΤ,HYPOStoneRootKAT,ΥΠΟΛΙΘΟΡΙΖΑΚΑΤ
14,6,002201,002,201,002,upper,HYPER,201,StoneRoot,ΛΙΘΟΡΙΖΑ,KAT,ΚΑΤ,HYPERStoneRootKAT,ΥΠΕΡΛΙΘΟΡΙΖΑΚΑΤ
14,7,201201,201,201,,none,,201,StoneRoot,ΛΙΘΟΡΙΖΑ,,,StoneRoot,ΛΙΘΟΡΙΖΑ
14,8,001201,001,201,001,upper,HYPER,201,StoneRoot,ΛΙΘΟΡΙΖΑ,OMB,ΩΜΒ,HYPERStoneRootOMB,ΥΠΕΡΛΙΘΟΡΙΖΑΩΜΒ
14,9,201001,201,001,001,lower,HYPO,201,StoneRoot,ΛΙΘΟΡΙΖΑ,OMB,ΩΜΒ,HYPOStoneRootOMB,ΥΠΟΛΙΘΟΡΙΖΑΩΜΒ
14,10,010201,010,201,010,upper,HYPER,201,StoneRoot,ΛΙΘΟΡΙΖΑ,FRO,ΦΡΟ,HYPERStoneRootFRO,ΥΠΕΡΛΙΘΟΡΙΖΑΦΡΟ
14,11,201010,201,010,010,lower,HYPO,201,StoneRoot,ΛΙΘΟΡΙΖΑ,FRO,ΦΡΟ,HYPOStoneRootFRO,ΥΠΟΛΙΘΟΡΙΖΑΦΡΟ
14,12,100201,100,201,100,upper,HYPER,201,StoneRoot,ΛΙΘΟΡΙΖΑ,AER,ΑΗΡ,HYPERStoneRootAER,ΥΠΕΡΛΙΘΟΡΙΖΑΑΗΡ
14,13,201100,201,100,100,lower,HYPO,201,StoneRoot,ΛΙΘΟΡΙΖΑ,AER,ΑΗΡ,HYPOStoneRootAER,ΥΠΟΛΙΘΟΡΙΖΑΑΗΡ
15,1,202200,202,200,200,lower,HYPO,202,TidalHearth,ΠΑΛΙΡΡΟΙΕΣΤΙΑ,CTH,ΧΘΝ,HYPOTidalHearthCTH,ΥΠΟΠΑΛΙΡΡΟΙΕΣΤΙΑΧΘΝ
15,2,200202,200,202,200,upper,HYPER,202,TidalHearth,ΠΑΛΙΡΡΟΙΕΣΤΙΑ,CTH,ΧΘΝ,HYPERTidalHearthCTH,ΥΠΕΡΠΑΛΙΡΡΟΙΕΣΤΙΑΧΘΝ
15,3,202020,202,020,020,lower,HYPO,202,TidalHearth,ΠΑΛΙΡΡΟΙΕΣΤΙΑ,HYD,ΥΔΡ,HYPOTidalHearthHYD,ΥΠΟΠΑΛΙΡΡΟΙΕΣΤΙΑΥΔΡ
15,4,020202,020,202,020,upper,HYPER,202,TidalHearth,ΠΑΛΙΡΡΟΙΕΣΤΙΑ,HYD,ΥΔΡ,HYPERTidalHearthHYD,ΥΠΕΡΠΑΛΙΡΡΟΙΕΣΤΙΑΥΔΡ
15,5,202002,202,002,002,lower,HYPO,202,TidalHearth,ΠΑΛΙΡΡΟΙΕΣΤΙΑ,KAT,ΚΑΤ,HYPOTidalHearthKAT,ΥΠΟΠΑΛΙΡΡΟΙΕΣΤΙΑΚΑΤ
15,6,002202,002,202,002,upper,HYPER,202,TidalHearth,ΠΑΛΙΡΡΟΙΕΣΤΙΑ,KAT,ΚΑΤ,HYPERTidalHearthKAT,ΥΠΕΡΠΑΛΙΡΡΟΙΕΣΤΙΑΚΑΤ
15,7,202202,202,202,,none,,202,TidalHearth,ΠΑΛΙΡΡΟΙΕΣΤΙΑ,,,TidalHearth,ΠΑΛΙΡΡΟΙΕΣΤΙΑ
15,8,001202,001,202,001,upper,HYPER,202,TidalHearth,ΠΑΛΙΡΡΟΙΕΣΤΙΑ,OMB,ΩΜΒ,HYPERTidalHearthOMB,ΥΠΕΡΠΑΛΙΡΡΟΙΕΣΤΙΑΩΜΒ
15,9,202001,202,001,001,lower,HYPO,202,TidalHearth,ΠΑΛΙΡΡΟΙΕΣΤΙΑ,OMB,ΩΜΒ,HYPOTidalHearthOMB,ΥΠΟΠΑΛΙΡΡΟΙΕΣΤΙΑΩΜΒ
15,10,010202,010,202,010,upper,HYPER,202,TidalHearth,ΠΑΛΙΡΡΟΙΕΣΤΙΑ,FRO,ΦΡΟ,HYPERTidalHearthFRO,ΥΠΕΡΠΑΛΙΡΡΟΙΕΣΤΙΑΦΡΟ
15,11,202010,202,010,010,lower,HYPO,202,TidalHearth,ΠΑΛΙΡΡΟΙΕΣΤΙΑ,FRO,ΦΡΟ,HYPOTidalHearthFRO,ΥΠΟΠΑΛΙΡΡΟΙΕΣΤΙΑΦΡΟ
15,12,100202,100,202,100,upper,HYPER,202,TidalHearth,ΠΑΛΙΡΡΟΙΕΣΤΙΑ,AER,ΑΗΡ,HYPERTidalHearthAER,ΥΠΕΡΠΑΛΙΡΡΟΙΕΣΤΙΑΑΗΡ
15,13,202100,202,100,100,lower,HYPO,202,TidalHearth,ΠΑΛΙΡΡΟΙΕΣΤΙΑ,AER,ΑΗΡ,HYPOTidalHearthAER,ΥΠΟΠΑΛΙΡΡΟΙΕΣΤΙΑΑΗΡ
16,1,220200,220,200,200,lower,HYPO,220,DeepCoil,ΒΑΘΥΕΛΙΞΚΘ,CTH,ΧΘΝ,HYPODeepCoilCTH,ΥΠΟΒΑΘΥΕΛΙΞΚΘΧΘΝ
16,2,200220,200,220,200,upper,HYPER,220,DeepCoil,ΒΑΘΥΕΛΙΞΚΘ,CTH,ΧΘΝ,HYPERDeepCoilCTH,ΥΠΕΡΒΑΘΥΕΛΙΞΚΘΧΘΝ
16,3,220020,220,020,020,lower,HYPO,220,DeepCoil,ΒΑΘΥΕΛΙΞΚΘ,HYD,ΥΔΡ,HYPODeepCoilHYD,ΥΠΟΒΑΘΥΕΛΙΞΚΘΥΔΡ
16,4,020220,020,220,020,upper,HYPER,220,DeepCoil,ΒΑΘΥΕΛΙΞΚΘ,HYD,ΥΔΡ,HYPERDeepCoilHYD,ΥΠΕΡΒΑΘΥΕΛΙΞΚΘΥΔΡ
16,5,220002,220,002,002,lower,HYPO,220,DeepCoil,ΒΑΘΥΕΛΙΞΚΘ,KAT,ΚΑΤ,HYPODeepCoilKAT,ΥΠΟΒΑΘΥΕΛΙΞΚΘΚΑΤ
16,6,002220,002,220,002,upper,HYPER,220,DeepCoil,ΒΑΘΥΕΛΙΞΚΘ,KAT,ΚΑΤ,HYPERDeepCoilKAT,ΥΠΕΡΒΑΘΥΕΛΙΞΚΘΚΑΤ
16,7,220220,220,220,,none,,220,DeepCoil,ΒΑΘΥΕΛΙΞΚΘ,,,DeepCoil,ΒΑΘΥΕΛΙΞΚΘ
16,8,001220,001,220,001,upper,HYPER,220,DeepCoil,ΒΑΘΥΕΛΙΞΚΘ,OMB,ΩΜΒ,HYPERDeepCoilOMB,ΥΠΕΡΒΑΘΥΕΛΙΞΚΘΩΜΒ
16,9,220001,220,001,001,lower,HYPO,220,DeepCoil,ΒΑΘΥΕΛΙΞΚΘ,OMB,ΩΜΒ,HYPODeepCoilOMB,ΥΠΟΒΑΘΥΕΛΙΞΚΘΩΜΒ
16,10,010220,010,220,010,upper,HYPER,220,DeepCoil,ΒΑΘΥΕΛΙΞΚΘ,FRO,ΦΡΟ,HYPERDeepCoilFRO,ΥΠΕΡΒΑΘΥΕΛΙΞΚΘΦΡΟ
16,11,220010,220,010,010,lower,HYPO,220,DeepCoil,ΒΑΘΥΕΛΙΞΚΘ,FRO,ΦΡΟ,HYPODeepCoilFRO,ΥΠΟΒΑΘΥΕΛΙΞΚΘΦΡΟ
16,12,100220,100,220,100,upper,HYPER,220,DeepCoil,ΒΑΘΥΕΛΙΞΚΘ,AER,ΑΗΡ,HYPERDeepCoilAER,ΥΠΕΡΒΑΘΥΕΛΙΞΚΘΑΗΡ
16,13,220100,220,100,100,lower,HYPO,220,DeepCoil,ΒΑΘΥΕΛΙΞΚΘ,AER,ΑΗΡ,HYPODeepCoilAER,ΥΠΟΒΑΘΥΕΛΙΞΚΘΑΗΡ
17,1,222200,222,200,200,lower,HYPO,222,SilverMirror,ΑΡΓΥΡΟΚΑΤΟΠΤΡΟ,CTH,ΧΘΝ,HYPOSilverMirrorCTH,ΥΠΟΑΡΓΥΡΟΚΑΤΟΠΤΡΟΧΘΝ
17,2,200222,200,222,200,upper,HYPER,222,SilverMirror,ΑΡΓΥΡΟΚΑΤΟΠΤΡΟ,CTH,ΧΘΝ,HYPERSilverMirrorCTH,ΥΠΕΡΑΡΓΥΡΟΚΑΤΟΠΤΡΟΧΘΝ
17,3,222020,222,020,020,lower,HYPO,222,SilverMirror,ΑΡΓΥΡΟΚΑΤΟΠΤΡΟ,HYD,ΥΔΡ,HYPOSilverMirrorHYD,ΥΠΟΑΡΓΥΡΟΚΑΤΟΠΤΡΟΥΔΡ
17,4,020222,020,222,020,upper,HYPER,222,SilverMirror,ΑΡΓΥΡΟΚΑΤΟΠΤΡΟ,HYD,ΥΔΡ,HYPERSilverMirrorHYD,ΥΠΕΡΑΡΓΥΡΟΚΑΤΟΠΤΡΟΥΔΡ
17,5,222002,222,002,002,lower,HYPO,222,SilverMirror,ΑΡΓΥΡΟΚΑΤΟΠΤΡΟ,KAT,ΚΑΤ,HYPOSilverMirrorKAT,ΥΠΟΑΡΓΥΡΟΚΑΤΟΠΤΡΟΚΑΤ
17,6,002222,002,222,002,upper,HYPER,222,SilverMirror,ΑΡΓΥΡΟΚΑΤΟΠΤΡΟ,KAT,ΚΑΤ,HYPERSilverMirrorKAT,ΥΠΕΡΑΡΓΥΡΟΚΑΤΟΠΤΡΟΚΑΤ
17,7,222222,222,222,,none,,222,SilverMirror,ΑΡΓΥΡΟΚΑΤΟΠΤΡΟ,,,SilverMirror,ΑΡΓΥΡΟΚΑΤΟΠΤΡΟ
17,8,001222,001,222,001,upper,HYPER,222,SilverMirror,ΑΡΓΥΡΟΚΑΤΟΠΤΡΟ,OMB,ΩΜΒ,HYPERSilverMirrorOMB,ΥΠΕΡΑΡΓΥΡΟΚΑΤΟΠΤΡΟΩΜΒ
17,9,222001,222,001,001,lower,HYPO,222,SilverMirror,ΑΡΓΥΡΟΚΑΤΟΠΤΡΟ,OMB,ΩΜΒ,HYPOSilverMirrorOMB,ΥΠΟΑΡΓΥΡΟΚΑΤΟΠΤΡΟΩΜΒ
17,10,010222,010,222,010,upper,HYPER,222,SilverMirror,ΑΡΓΥΡΟΚΑΤΟΠΤΡΟ,FRO,ΦΡΟ,HYPERSilverMirrorFRO,ΥΠΕΡΑΡΓΥΡΟΚΑΤΟΠΤΡΟΦΡΟ
17,11,222010,222,010,010,lower,HYPO,222,SilverMirror,ΑΡΓΥΡΟΚΑΤΟΠΤΡΟ,FRO,ΦΡΟ,HYPOSilverMirrorFRO,ΥΠΟΑΡΓΥΡΟΚΑΤΟΠΤΡΟΦΡΟ
17,12,100222,100,222,100,upper,HYPER,222,SilverMirror,ΑΡΓΥΡΟΚΑΤΟΠΤΡΟ,AER,ΑΗΡ,HYPERSilverMirrorAER,ΥΠΕΡΑΡΓΥΡΟΚΑΤΟΠΤΡΟΑΗΡ
17,13,222100,222,100,100,lower,HYPO,222,SilverMirror,ΑΡΓΥΡΟΚΑΤΟΠΤΡΟ,AER,ΑΗΡ,HYPOSilverMirrorAER,ΥΠΟΑΡΓΥΡΟΚΑΤΟΠΤΡΟΑΗΡ
18,1,221200,221,200,200,lower,HYPO,221,EdgeForge,ΑΚΡΟΧΑΛΚΕΥΣ,CTH,ΧΘΝ,HYPOEdgeForgeCTH,ΥΠΟΑΚΡΟΧΑΛΚΕΥΣΧΘΝ
18,2,200221,200,221,200,upper,HYPER,221,EdgeForge,ΑΚΡΟΧΑΛΚΕΥΣ,CTH,ΧΘΝ,HYPEREdgeForgeCTH,ΥΠΕΡΑΚΡΟΧΑΛΚΕΥΣΧΘΝ
18,3,221020,221,020,020,lower,HYPO,221,EdgeForge,ΑΚΡΟΧΑΛΚΕΥΣ,HYD,ΥΔΡ,HYPOEdgeForgeHYD,ΥΠΟΑΚΡΟΧΑΛΚΕΥΣΥΔΡ
18,4,020221,020,221,020,upper,HYPER,221,EdgeForge,ΑΚΡΟΧΑΛΚΕΥΣ,HYD,ΥΔΡ,HYPEREdgeForgeHYD,ΥΠΕΡΑΚΡΟΧΑΛΚΕΥΣΥΔΡ
18,5,221002,221,002,002,lower,HYPO,221,EdgeForge,ΑΚΡΟΧΑΛΚΕΥΣ,KAT,ΚΑΤ,HYPOEdgeForgeKAT,ΥΠΟΑΚΡΟΧΑΛΚΕΥΣΚΑΤ
18,6,002221,002,221,002,upper,HYPER,221,EdgeForge,ΑΚΡΟΧΑΛΚΕΥΣ,KAT,ΚΑΤ,HYPEREdgeForgeKAT,ΥΠΕΡΑΚΡΟΧΑΛΚΕΥΣΚΑΤ
18,7,221221,221,221,,none,,221,EdgeForge,ΑΚΡΟΧΑΛΚΕΥΣ,,,EdgeForge,ΑΚΡΟΧΑΛΚΕΥΣ
18,8,001221,001,221,001,upper,HYPER,221,EdgeForge,ΑΚΡΟΧΑΛΚΕΥΣ,OMB,ΩΜΒ,HYPEREdgeForgeOMB,ΥΠΕΡΑΚΡΟΧΑΛΚΕΥΣΩΜΒ
18,9,221001,221,001,001,lower,HYPO,221,EdgeForge,ΑΚΡΟΧΑΛΚΕΥΣ,OMB,ΩΜΒ,HYPOEdgeForgeOMB,ΥΠΟΑΚΡΟΧΑΛΚΕΥΣΩΜΒ
18,10,010221,010,221,010,upper,HYPER,221,EdgeForge,ΑΚΡΟΧΑΛΚΕΥΣ,FRO,ΦΡΟ,HYPEREdgeForgeFRO,ΥΠΕΡΑΚΡΟΧΑΛΚΕΥΣΦΡΟ
18,11,221010,221,010,010,lower,HYPO,221,EdgeForge,ΑΚΡΟΧΑΛΚΕΥΣ,FRO,ΦΡΟ,HYPOEdgeForgeFRO,ΥΠΟΑΚΡΟΧΑΛΚΕΥΣΦΡΟ
18,12,100221,100,221,100,upper,HYPER,221,EdgeForge,ΑΚΡΟΧΑΛΚΕΥΣ,AER,ΑΗΡ,HYPEREdgeForgeAER,ΥΠΕΡΑΚΡΟΧΑΛΚΕΥΣΑΗΡ
18,13,221100,221,100,100,lower,HYPO,221,EdgeForge,ΑΚΡΟΧΑΛΚΕΥΣ,AER,ΑΗΡ,HYPOEdgeForgeAER,ΥΠΟΑΚΡΟΧΑΛΚΕΥΣΑΗΡ
19,1,212200,212,200,200,lower,HYPO,212,WorldSphere,ΚΟΣΜΟΣΦΑΙΡΑ,CTH,ΧΘΝ,HYPOWorldSphereCTH,ΥΠΟΚΟΣΜΟΣΦΑΙΡΑΧΘΝ
19,2,200212,200,212,200,upper,HYPER,212,WorldSphere,ΚΟΣΜΟΣΦΑΙΡΑ,CTH,ΧΘΝ,HYPERWorldSphereCTH,ΥΠΕΡΚΟΣΜΟΣΦΑΙΡΑΧΘΝ
19,3,212020,212,020,020,lower,HYPO,212,WorldSphere,ΚΟΣΜΟΣΦΑΙΡΑ,HYD,ΥΔΡ,HYPOWorldSphereHYD,ΥΠΟΚΟΣΜΟΣΦΑΙΡΑΥΔΡ
19,4,020212,020,212,020,upper,HYPER,212,WorldSphere,ΚΟΣΜΟΣΦΑΙΡΑ,HYD,ΥΔΡ,HYPERWorldSphereHYD,ΥΠΕΡΚΟΣΜΟΣΦΑΙΡΑΥΔΡ
19,5,212002,212,002,002,lower,HYPO,212,WorldSphere,ΚΟΣΜΟΣΦΑΙΡΑ,KAT,ΚΑΤ,HYPOWorldSphereKAT,ΥΠΟΚΟΣΜΟΣΦΑΙΡΑΚΑΤ
19,6,002212,002,212,002,upper,HYPER,212,WorldSphere,ΚΟΣΜΟΣΦΑΙΡΑ,KAT,ΚΑΤ,HYPERWorldSphereKAT,ΥΠΕΡΚΟΣΜΟΣΦΑΙΡΑΚΑΤ
19,7,212212,212,212,,none,,212,WorldSphere,ΚΟΣΜΟΣΦΑΙΡΑ,,,WorldSphere,ΚΟΣΜΟΣΦΑΙΡΑ
19,8,001212,001,212,001,upper,HYPER,212,WorldSphere,ΚΟΣΜΟΣΦΑΙΡΑ,OMB,ΩΜΒ,HYPERWorldSphereOMB,ΥΠΕΡΚΟΣΜΟΣΦΑΙΡΑΩΜΒ
19,9,212001,212,001,001,lower,HYPO,212,WorldSphere,ΚΟΣΜΟΣΦΑΙΡΑ,OMB,ΩΜΒ,HYPOWorldSphereOMB,ΥΠΟΚΟΣΜΟΣΦΑΙΡΑΩΜΒ
19,10,010212,010,212,010,upper,HYPER,212,WorldSphere,ΚΟΣΜΟΣΦΑΙΡΑ,FRO,ΦΡΟ,HYPERWorldSphereFRO,ΥΠΕΡΚΟΣΜΟΣΦΑΙΡΑΦΡΟ
19,11,212010,212,010,010,lower,HYPO,212,WorldSphere,ΚΟΣΜΟΣΦΑΙΡΑ,FRO,ΦΡΟ,HYPOWorldSphereFRO,ΥΠΟΚΟΣΜΟΣΦΑΙΡΑΦΡΟ
19,12,100212,100,212,100,upper,HYPER,212,WorldSphere,ΚΟΣΜΟΣΦΑΙΡΑ,AER,ΑΗΡ,HYPERWorldSphereAER,ΥΠΕΡΚΟΣΜΟΣΦΑΙΡΑΑΗΡ
19,13,212100,212,100,100,lower,HYPO,212,WorldSphere,ΚΟΣΜΟΣΦΑΙΡΑ,AER,ΑΗΡ,HYPOWorldSphereAER,ΥΠΟΚΟΣΜΟΣΦΑΙΡΑΑΗΡ
20,1,122200,122,200,200,lower,HYPO,122,HarmonicBloom,ΑΡΜΟΝΙΟΑΝΘΟΣ,CTH,ΧΘΝ,HYPOHarmonicBloomCTH,ΥΠΟΑΡΜΟΝΙΟΑΝΘΟΣΧΘΝ
20,2,200122,200,122,200,upper,HYPER,122,HarmonicBloom,ΑΡΜΟΝΙΟΑΝΘΟΣ,CTH,ΧΘΝ,HYPERHarmonicBloomCTH,ΥΠΕΡΑΡΜΟΝΙΟΑΝΘΟΣΧΘΝ
20,3,122020,122,020,020,lower,HYPO,122,HarmonicBloom,ΑΡΜΟΝΙΟΑΝΘΟΣ,HYD,ΥΔΡ,HYPOHarmonicBloomHYD,ΥΠΟΑΡΜΟΝΙΟΑΝΘΟΣΥΔΡ
20,4,020122,020,122,020,upper,HYPER,122,HarmonicBloom,ΑΡΜΟΝΙΟΑΝΘΟΣ,HYD,ΥΔΡ,HYPERHarmonicBloomHYD,ΥΠΕΡΑΡΜΟΝΙΟΑΝΘΟΣΥΔΡ
20,5,122002,122,002,002,lower,HYPO,122,HarmonicBloom,ΑΡΜΟΝΙΟΑΝΘΟΣ,KAT,ΚΑΤ,HYPOHarmonicBloomKAT,ΥΠΟΑΡΜΟΝΙΟΑΝΘΟΣΚΑΤ
20,6,002122,002,122,002,upper,HYPER,122,HarmonicBloom,ΑΡΜΟΝΙΟΑΝΘΟΣ,KAT,ΚΑΤ,HYPERHarmonicBloomKAT,ΥΠΕΡΑΡΜΟΝΙΟΑΝΘΟΣΚΑΤ
20,7,122122,122,122,,none,,122,HarmonicBloom,ΑΡΜΟΝΙΟΑΝΘΟΣ,,,HarmonicBloom,ΑΡΜΟΝΙΟΑΝΘΟΣ
20,8,001122,001,122,001,upper,HYPER,122,HarmonicBloom,ΑΡΜΟΝΙΟΑΝΘΟΣ,OMB,ΩΜΒ,HYPERHarmonicBloomOMB,ΥΠΕΡΑΡΜΟΝΙΟΑΝΘΟΣΩΜΒ
20,9,122001,122,001,001,lower,HYPO,122,HarmonicBloom,ΑΡΜΟΝΙΟΑΝΘΟΣ,OMB,ΩΜΒ,HYPOHarmonicBloomOMB,ΥΠΟΑΡΜΟΝΙΟΑΝΘΟΣΩΜΒ
20,10,010122,010,122,010,upper,HYPER,122,HarmonicBloom,ΑΡΜΟΝΙΟΑΝΘΟΣ,FRO,ΦΡΟ,HYPERHarmonicBloomFRO,ΥΠΕΡΑΡΜΟΝΙΟΑΝΘΟΣΦΡΟ
20,11,122010,122,010,010,lower,HYPO,122,HarmonicBloom,ΑΡΜΟΝΙΟΑΝΘΟΣ,FRO,ΦΡΟ,HYPOHarmonicBloomFRO,ΥΠΟΑΡΜΟΝΙΟΑΝΘΟΣΦΡΟ
20,12,100122,100,122,100,upper,HYPER,122,HarmonicBloom,ΑΡΜΟΝΙΟΑΝΘΟΣ,AER,ΑΗΡ,HYPERHarmonicBloomAER,ΥΠΕΡΑΡΜΟΝΙΟΑΝΘΟΣΑΗΡ
20,13,122100,122,100,100,lower,HYPO,122,HarmonicBloom,ΑΡΜΟΝΙΟΑΝΘΟΣ,AER,ΑΗΡ,HYPOHarmonicBloomAER,ΥΠΟΑΡΜΟΝΙΟΑΝΘΟΣΑΗΡ
